over_1_ft_curb,1FT+ FROM CURB,null,42.3682529940005,-71.09710063299963
over_1_ft_curb,1FT+ FROM CURB,null,42.379001479000465,-71.12032372099964
over_1_ft_curb,1FT+ FROM CURB,null,42.3731893690005,-71.10405580699967
over_1_ft_curb,1FT+ FROM CURB,null,42.38078863600049,-71.11635157399962
over_1_ft_curb,1FT+ FROM CURB,null,42.3608968260005,-71.10184918699963
over_1_ft_curb,1FT+ FROM CURB,null,42.37905909300048,-71.11218515399963
over_1_ft_curb,1FT+ FROM CURB,null,42.35634416100049,-71.10833538099962
over_1_ft_curb,1FT+ FROM CURB,null,42.366791640000486,-71.10600946299962
over_1_ft_curb,1FT+ FROM CURB,null,42.37477721300047,-71.11357595899966
over_1_ft_curb,1FT+ FROM CURB,null,42.3671746710005,-71.09289347899966
over_1_ft_curb,1FT+ FROM CURB,null,42.359043958000484,-71.11389398899962
over_1_ft_curb,1FT+ FROM CURB,null,42.36005179600045,-71.10765713399962
over_1_ft_curb,1FT+ FROM CURB,null,42.36372452600045,-71.10532562099962
over_1_ft_curb,1FT+ FROM CURB,null,42.37374937800047,-71.10360526399967
over_1_ft_curb,1FT+ FROM CURB,null,42.36554397800046,-71.10912699899967
over_1_ft_curb,1FT+ FROM CURB,null,42.40158505000045,-71.13344936299967
over_1_ft_curb,1FT+ FROM CURB,null,42.38964164800046,-71.12017853399965
over_1_ft_curb,1FT+ FROM CURB,null,42.38078863600049,-71.11635157399962
over_1_ft_curb,1FT+ FROM CURB,null,42.37490578800049,-71.11861349599963
over_1_ft_curb,1FT+ FROM CURB,null,42.39058131200045,-71.12150922599966
over_1_ft_curb,1FT+ FROM CURB,null,42.39416479500045,-71.13628433699967
over_1_ft_curb,1FT+ FROM CURB,null,42.3811355040005,-71.11381332799965
over_1_ft_curb,1FT+ FROM CURB,null,42.38078863600049,-71.11635157399962
over_1_ft_curb,1FT+ FROM CURB,null,42.3742229660005,-71.12534075699966
over_1_ft_curb,1FT+ FROM CURB,null,42.36882567700047,-71.10316048399966
over_1_ft_curb,1FT+ FROM CURB,null,42.36277389300045,-71.10374584299967
over_1_ft_curb,1FT+ FROM CURB,null,42.366791640000486,-71.10600946299962
over_1_ft_curb,1FT+ FROM CURB,null,42.38127262600045,-71.12210053999962
over_1_ft_curb,1FT+ FROM CURB,null,42.366763093000486,-71.09724121199963
over_1_ft_curb,1FT+ FROM CURB,null,42.36316682100045,-71.09573748399964
over_1_ft_curb,1FT+ FROM CURB,null,42.37281487700045,-71.11908040899965
over_1_ft_curb,1FT+ FROM CURB,null,42.38078405800047,-71.12824450599965
over_1_ft_curb,1FT+ FROM CURB,null,42.3682529940005,-71.09710063299963
over_1_ft_curb,1FT+ FROM CURB,null,42.37228828400049,-71.08466635999963
over_1_ft_curb,1FT+ FROM CURB,null,42.38078863600049,-71.11635157399962
over_1_ft_curb,1FT+ FROM CURB,null,42.3629064050005,-71.10450058699962
over_1_ft_curb,1FT+ FROM CURB,null,42.38078863600049,-71.11635157399962
over_1_ft_curb,1FT+ FROM CURB,null,42.37592373300049,-71.12090331899964
over_1_ft_curb,1FT+ FROM CURB,null,42.3862016060005,-71.13649942299963
over_1_ft_curb,1FT+ FROM CURB,null,42.38078863600049,-71.11635157399962
over_1_ft_curb,1FT+ FROM CURB,null,42.395658864000495,-71.13088784099966
over_1_ft_curb,1FT+ FROM CURB,null,42.375528501000474,-71.15144569999967
over_1_ft_curb,1FT+ FROM CURB,null,42.38082669200048,-71.11526981299966
over_1_ft_curb,1FT+ FROM CURB,null,42.37662432100046,-71.14827692599965
over_1_ft_curb,1FT+ FROM CURB,AMH0029,42.35783505000046,-71.09414710299967
over_1_ft_curb,1FT+ FROM CURB,null,42.37482140300045,-71.13189327199967
over_1_ft_curb,1FT+ FROM CURB,null,42.40199411000049,-71.13431357499962
over_1_ft_curb,1FT+ FROM CURB,null,42.38101336300048,-71.11393777599966
over_1_ft_curb,1FT+ FROM CURB,null,42.365852790000474,-71.11185790599967
over_1_ft_curb,1FT+ FROM CURB,null,42.370353002000456,-71.09788024399967
over_1_ft_curb,1FT+ FROM CURB,null,42.379001479000465,-71.12032372099964
over_1_ft_curb,1FT+ FROM CURB,null,42.37879752400045,-71.12401217599967
over_1_ft_curb,1FT+ FROM CURB,null,42.37994634900048,-71.11847891799965
over_1_ft_curb,1FT+ FROM CURB,null,42.37893349300049,-71.12485449299965
over_1_ft_curb,1FT+ FROM CURB,null,42.36683170400045,-71.10396826199963
over_1_ft_curb,1FT+ FROM CURB,null,42.37352237800047,-71.09597139699963
over_1_ft_curb,1FT+ FROM CURB,null,42.366791640000486,-71.10600946299962
over_1_ft_curb,1FT+ FROM CURB,null,42.38066566000049,-71.12116303399966
over_1_ft_curb,1FT+ FROM CURB,null,42.37916510200046,-71.12515639099962
over_1_ft_curb,1FT+ FROM CURB,null,42.38078863600049,-71.11635157399962
over_1_ft_curb,1FT+ FROM CURB,null,42.38057319000046,-71.12389003299967
over_1_ft_curb,1FT+ FROM CURB,null,42.36494364000049,-71.09294320099963
over_1_ft_curb,1FT+ FROM CURB,null,42.36515220300049,-71.11458190099967
over_1_ft_curb,1FT+ FROM CURB,null,42.36800755700045,-71.10435770399965
over_1_ft_curb,1FT+ FROM CURB,null,42.37198984300045,-71.12066594799967
over_1_ft_curb,1FT+ FROM CURB,null,42.37241573400047,-71.11582701699967
over_1_ft_curb,1FT+ FROM CURB,null,42.36547539300045,-71.10276162499963
over_1_ft_curb,1FT+ FROM CURB,null,42.3744073310005,-71.11983976299967
over_1_ft_curb,1FT+ FROM CURB,null,42.369407580000484,-71.10338863499965
over_1_ft_curb,1FT+ FROM CURB,null,42.37318156400045,-71.10711429599962
over_1_ft_curb,1FT+ FROM CURB,null,42.38078863600049,-71.11635157399962
over_1_ft_curb,1FT+ FROM CURB,null,42.366791640000486,-71.10600946299962
over_1_ft_curb,1FT+ FROM CURB,null,42.386580135000486,-71.13838878699966
over_1_ft_curb,1FT+ FROM CURB,null,42.372352812000486,-71.11837060299962
over_1_ft_curb,1FT+ FROM CURB,null,42.36894205800047,-71.08044439899965
over_1_ft_curb,1FT+ FROM CURB,null,42.366791640000486,-71.10600946299962
over_1_ft_curb,1FT+ FROM CURB,null,42.3630826750005,-71.09493289899967
over_1_ft_curb,1FT+ FROM CURB,null,42.36800755700045,-71.10435770399965
over_1_ft_curb,1FT+ FROM CURB,null,42.366791640000486,-71.10600946299962
over_1_ft_curb,1FT+ FROM CURB,null,42.386580135000486,-71.13838878699966
over_1_ft_curb,1FT+ FROM CURB,null,42.37292780100046,-71.10094694999964
over_1_ft_curb,1FT+ FROM CURB,null,42.36432140800048,-71.10303142699962
over_1_ft_curb,1FT+ FROM CURB,null,42.366791640000486,-71.10600946299962
over_1_ft_curb,1FT+ FROM CURB,null,42.385978545000455,-71.13773585199965
over_1_ft_curb,1FT+ FROM CURB,null,42.362461958000495,-71.08665785199963
over_1_ft_curb,1FT+ FROM CURB,null,42.36889251000048,-71.10823052299963
over_1_ft_curb,1FT+ FROM CURB,null,42.366791640000486,-71.10600946299962
over_1_ft_curb,1FT+ FROM CURB,null,42.366791640000486,-71.10600946299962
over_1_ft_curb,1FT+ FROM CURB,null,42.37257865900045,-71.10753569699966
over_1_ft_curb,1FT+ FROM CURB,null,42.366791640000486,-71.10600946299962
over_1_ft_curb,1FT+ FROM CURB,null,42.36770239500049,-71.10560675799962
over_1_ft_curb,1FT+ FROM CURB,null,42.366791640000486,-71.10600946299962
over_1_ft_curb,1FT+ FROM CURB,null,42.373775311000486,-71.10132730399965
over_1_ft_curb,1FT+ FROM CURB,null,42.367607716000464,-71.10462848999964
over_1_ft_curb,1FT+ FROM CURB,null,42.366791640000486,-71.10600946299962
over_1_ft_curb,1FT+ FROM CURB,null,42.37309833900048,-71.12307652299967
over_1_ft_curb,1FT+ FROM CURB,null,42.367607716000464,-71.10462848999964
over_1_ft_curb,1FT+ FROM CURB,null,42.3634455240005,-71.10045475899966
over_1_ft_curb,1FT+ FROM CURB,null,42.3726097710005,-71.11403571899967
over_1_ft_curb,1FT+ FROM CURB,null,42.374876309000456,-71.10935745499967
over_1_ft_curb,1FT+ FROM CURB,null,42.366791640000486,-71.10600946299962
over_1_ft_curb,1FT+ FROM CURB,null,42.37498692800045,-71.11021705699966
over_1_ft_curb,1FT+ FROM CURB,null,42.386031233000494,-71.11920502399965
over_1_ft_curb,1FT+ FROM CURB,null,42.37335128900048,-71.11940272199962
over_1_ft_curb,1FT+ FROM CURB,null,42.37409826400045,-71.11460659199963
over_1_ft_curb,1FT+ FROM CURB,null,42.37379121200047,-71.11232021999967
over_1_ft_curb,1FT+ FROM CURB,null,42.366791640000486,-71.10600946299962
over_1_ft_curb,1FT+ FROM CURB,null,42.366791640000486,-71.10600946299962
over_1_ft_curb,1FT+ FROM CURB,null,42.36983277200045,-71.10366979199966
over_1_ft_curb,1FT+ FROM CURB,null,42.375286521000476,-71.10873637499964
over_1_ft_curb,1FT+ FROM CURB,null,42.379001479000465,-71.12032372099964
over_1_ft_curb,1FT+ FROM CURB,null,42.366791640000486,-71.10600946299962
over_1_ft_curb,1FT+ FROM CURB,null,42.395658864000495,-71.13088784099966
over_1_ft_curb,1FT+ FROM CURB,null,42.37093665800046,-71.10998314399967
over_1_ft_curb,1FT+ FROM CURB,null,42.372512980000465,-71.11594850699964
over_1_ft_curb,1FT+ FROM CURB,null,42.36800755700045,-71.10435770399965
over_1_ft_curb,1FT+ FROM CURB,null,42.366791640000486,-71.10600946299962
over_1_ft_curb,1FT+ FROM CURB,null,42.366791640000486,-71.10600946299962
over_1_ft_curb,1FT+ FROM CURB,null,42.36800755700045,-71.10435770399965
over_1_ft_curb,1FT+ FROM CURB,null,42.366791640000486,-71.10600946299962
over_1_ft_curb,1FT+ FROM CURB,null,42.399943048000466,-71.13382270299962
over_1_ft_curb,1FT+ FROM CURB,null,42.366791640000486,-71.10600946299962
over_1_ft_curb,1FT+ FROM CURB,null,42.37994634900048,-71.11847891799965
over_1_ft_curb,1FT+ FROM CURB,null,42.38643254300047,-71.12000799599963
over_1_ft_curb,1FT+ FROM CURB,null,42.366791640000486,-71.10600946299962
over_1_ft_curb,1FT+ FROM CURB,null,42.37421676800045,-71.12079332099967
over_1_ft_curb,1FT+ FROM CURB,null,42.38168283800047,-71.12044471099966
over_1_ft_curb,1FT+ FROM CURB,null,42.38593360600049,-71.11752713299967
over_1_ft_curb,1FT+ FROM CURB,null,42.36800755700045,-71.10435770399965
over_1_ft_curb,1FT+ FROM CURB,null,42.360804644000496,-71.10505598699967
over_1_ft_curb,1FT+ FROM CURB,null,42.366791640000486,-71.10600946299962
over_1_ft_curb,1FT+ FROM CURB,null,42.355850026000496,-71.10749087699963
over_1_ft_curb,1FT+ FROM CURB,null,42.37967210700049,-71.12202564099965
over_1_ft_curb,1FT+ FROM CURB,null,42.371326129000465,-71.11456000799967
over_1_ft_curb,1FT+ FROM CURB,null,42.39405840800049,-71.13628007199964
over_1_ft_curb,1FT+ FROM CURB,null,42.36675199300049,-71.10382655199965
over_1_ft_curb,1FT+ FROM CURB,null,42.36959770600049,-71.11046825499966
over_1_ft_curb,1FT+ FROM CURB,null,42.368871769000464,-71.07990397999964
over_1_ft_curb,1FT+ FROM CURB,null,42.37293241000049,-71.11737848899963
over_1_ft_curb,1FT+ FROM CURB,null,42.3661581450005,-71.10069690499967
over_1_ft_curb,1FT+ FROM CURB,null,42.37359958100046,-71.10236540899967
over_1_ft_curb,1FT+ FROM CURB,null,42.372557918000496,-71.10001705799965
over_1_ft_curb,1FT+ FROM CURB,null,42.38758327300047,-71.12284660899962
over_1_ft_curb,1FT+ FROM CURB,null,42.37312118800048,-71.11974129199967
over_1_ft_curb,1FT+ FROM CURB,null,42.37722235500047,-71.11120456199967
over_1_ft_curb,1FT+ FROM CURB,null,42.36861527400049,-71.07789578199964
over_1_ft_curb,1FT+ FROM CURB,null,42.380024705000494,-71.12672695099963
over_1_ft_curb,1FT+ FROM CURB,null,42.40145368900045,-71.13329150099963
over_1_ft_curb,1FT+ FROM CURB,null,42.3600751670005,-71.09764630499967
over_1_ft_curb,1FT+ FROM CURB,null,42.379886430000454,-71.11744877799964
over_1_ft_curb,1FT+ FROM CURB,null,42.368792261000465,-71.07927368199967
over_1_ft_curb,1FT+ FROM CURB,null,42.379001479000465,-71.12032372099964
over_1_ft_curb,1FT+ FROM CURB,null,42.37592373300049,-71.12090331899964
over_1_ft_curb,1FT+ FROM CURB,null,42.367607716000464,-71.10462848999964
over_1_ft_curb,1FT+ FROM CURB,null,42.366791640000486,-71.10600946299962
over_1_ft_curb,1FT+ FROM CURB,null,42.37954535500046,-71.12010133099966
over_1_ft_curb,1FT+ FROM CURB,null,42.3814321590005,-71.11235121199962
over_1_ft_curb,1FT+ FROM CURB,null,42.395288981000476,-71.13088784099966
over_1_ft_curb,1FT+ FROM CURB,null,42.377739730000485,-71.12318598899964
over_1_ft_curb,1FT+ FROM CURB,null,42.37283216200046,-71.12106118199966
over_1_ft_curb,1FT+ FROM CURB,null,42.37262244600049,-71.11631838899967
over_1_ft_curb,1FT+ FROM CURB,null,42.3630826750005,-71.09493289899967
over_1_ft_curb,1FT+ FROM CURB,null,42.395288981000476,-71.13088784099966
over_1_ft_curb,1FT+ FROM CURB,null,42.362922537000486,-71.09315291599967
over_1_ft_curb,1FT+ FROM CURB,null,42.365455892000455,-71.10654642399965
over_1_ft_curb,1FT+ FROM CURB,null,42.366791640000486,-71.10600946299962
over_1_ft_curb,1FT+ FROM CURB,null,42.37093320100047,-71.10731906899963
over_1_ft_curb,1FT+ FROM CURB,null,42.39416479500045,-71.13628433699967
over_1_ft_curb,1FT+ FROM CURB,null,42.36048771700047,-71.10226541499964
over_1_ft_curb,1FT+ FROM CURB,null,42.366791640000486,-71.10600946299962
over_1_ft_curb,1FT+ FROM CURB,null,42.37106917000045,-71.10451556699962
over_1_ft_curb,1FT+ FROM CURB,null,42.36697626500046,-71.09265973999965
over_1_ft_curb,1FT+ FROM CURB,null,42.38572273800048,-71.13526881599967
over_1_ft_curb,1FT+ FROM CURB,null,42.373622627000486,-71.10457087599963
over_1_ft_curb,1FT+ FROM CURB,null,42.36951186400046,-71.10332122699964
over_1_ft_curb,1FT+ FROM CURB,null,42.366791640000486,-71.10600946299962
over_1_ft_curb,1FT+ FROM CURB,null,42.366791640000486,-71.10600946299962
over_1_ft_curb,1FT+ FROM CURB,null,42.366791640000486,-71.10600946299962
over_1_ft_curb,1FT+ FROM CURB,null,42.37392913400049,-71.10355686799966
over_1_ft_curb,1FT+ FROM CURB,null,42.396837648000485,-71.13091779999962
over_1_ft_curb,1FT+ FROM CURB,null,42.37782960800047,-71.11174613499963
over_1_ft_curb,1FT+ FROM CURB,null,42.366791640000486,-71.10600946299962
over_1_ft_curb,1FT+ FROM CURB,null,42.370963160000485,-71.11428000299964
over_1_ft_curb,1FT+ FROM CURB,null,42.37722235500047,-71.11120456199967
over_1_ft_curb,1FT+ FROM CURB,null,42.38088545900047,-71.11433300799962
over_1_ft_curb,1FT+ FROM CURB,null,42.35537393900046,-71.10666457299965
over_1_ft_curb,1FT+ FROM CURB,null,42.37717972100046,-71.15048584999965
over_1_ft_curb,1FT+ FROM CURB,null,42.363196781000454,-71.10653090799963
over_1_ft_curb,1FT+ FROM CURB,null,42.37562183500046,-71.11094529999963
over_1_ft_curb,1FT+ FROM CURB,null,42.374783197000454,-71.13135871599962
over_1_ft_curb,1FT+ FROM CURB,null,42.366791640000486,-71.10600946299962
over_1_ft_curb,1FT+ FROM CURB,null,42.366791640000486,-71.10600946299962
over_1_ft_curb,1FT+ FROM CURB,null,42.375937561000455,-71.13559491199965
over_1_ft_curb,1FT+ FROM CURB,null,42.3809361590005,-71.15425957299965
over_1_ft_curb,1FT+ FROM CURB,null,42.3698915380005,-71.08517566899963
over_1_ft_curb,1FT+ FROM CURB,null,42.38675507400046,-71.14068255199965
over_1_ft_curb,1FT+ FROM CURB,null,42.386580135000486,-71.13838878699966
over_1_ft_curb,1FT+ FROM CURB,null,42.366791640000486,-71.10600946299962
over_1_ft_curb,1FT+ FROM CURB,null,42.38198295300049,-71.12663395499965
over_1_ft_curb,1FT+ FROM CURB,null,42.3682529940005,-71.09710063299963
over_1_ft_curb,1FT+ FROM CURB,null,42.37911440200048,-71.12505729499964
over_1_ft_curb,1FT+ FROM CURB,null,42.37420471100046,-71.12082168899963
over_1_ft_curb,1FT+ FROM CURB,null,42.38084628100046,-71.11579870999964
over_1_ft_curb,1FT+ FROM CURB,null,42.366791640000486,-71.10600946299962
over_1_ft_curb,1FT+ FROM CURB,null,42.3637286010005,-71.10165221899967
over_1_ft_curb,1FT+ FROM CURB,null,42.380106517000456,-71.12323899399962
over_1_ft_curb,1FT+ FROM CURB,null,42.395658864000495,-71.13088784099966
over_1_ft_curb,1FT+ FROM CURB,null,42.3811355040005,-71.11381332799965
over_1_ft_curb,1FT+ FROM CURB,null,42.36456499700046,-71.10011718399966
over_1_ft_curb,1FT+ FROM CURB,null,42.365694928000494,-71.10578538199962
over_1_ft_curb,1FT+ FROM CURB,null,42.366791640000486,-71.10600946299962
over_1_ft_curb,1FT+ FROM CURB,null,42.36316682100045,-71.09573748399964
over_1_ft_curb,1FT+ FROM CURB,null,42.37918469100049,-71.12518634999964
over_1_ft_curb,1FT+ FROM CURB,null,42.4014755820005,-71.13235930499962
over_1_ft_curb,1FT+ FROM CURB,null,42.38029203400049,-71.14321495099966
over_1_ft_curb,1FT+ FROM CURB,null,42.37119592100049,-71.11090381699967
over_1_ft_curb,1FT+ FROM CURB,null,42.37082258200047,-71.10697914499963
over_1_ft_curb,1FT+ FROM CURB,null,42.3669555240005,-71.10934708499963
over_1_ft_curb,1FT+ FROM CURB,null,42.37643883300046,-71.11073902699962
over_1_ft_curb,1FT+ FROM CURB,null,42.366791640000486,-71.10600946299962
over_1_ft_curb,1FT+ FROM CURB,null,42.3710726270005,-71.11457153099963
over_1_ft_curb,1FT+ FROM CURB,null,42.36409440800048,-71.10145625899963
over_1_ft_curb,1FT+ FROM CURB,null,42.35924906300045,-71.09378551799966
over_1_ft_curb,1FT+ FROM CURB,null,42.37309902400045,-71.11967418199964
over_1_ft_curb,1FT+ FROM CURB,null,42.37192544700048,-71.12067946499963
over_1_ft_curb,1FT+ FROM CURB,null,42.37449260000045,-71.10690424699965
over_1_ft_curb,1FT+ FROM CURB,null,42.365694928000494,-71.10578538199962
over_1_ft_curb,1FT+ FROM CURB,null,42.36712159700045,-71.10436804099965
over_1_ft_curb,1FT+ FROM CURB,null,42.39188859800049,-71.12755313699967
over_1_ft_curb,1FT+ FROM CURB,null,42.364556836000475,-71.09274325599966
over_1_ft_curb,1FT+ FROM CURB,null,42.39188859800049,-71.12755313699967
over_1_ft_curb,1FT+ FROM CURB,null,42.36433408300047,-71.10353612699964
over_1_ft_curb,1FT+ FROM CURB,null,42.366791640000486,-71.10600946299962
over_1_ft_curb,1FT+ FROM CURB,null,42.384882725000466,-71.11763775199967
over_1_ft_curb,1FT+ FROM CURB,null,42.37028216200048,-71.11652119099966
over_1_ft_curb,1FT+ FROM CURB,null,42.372058980000475,-71.12052537099964
over_1_ft_curb,1FT+ FROM CURB,null,42.36629411500047,-71.10516545399963
over_1_ft_curb,1FT+ FROM CURB,null,42.370962834000466,-71.11425101199967
over_1_ft_curb,1FT+ FROM CURB,null,42.364391646000456,-71.10204632799963
over_1_ft_curb,1FT+ FROM CURB,null,42.36239000100045,-71.10018639199967
over_1_ft_curb,1FT+ FROM CURB,null,42.365792746000466,-71.10593900699962
over_1_ft_curb,1FT+ FROM CURB,null,42.37379121200047,-71.11232021999967
over_1_ft_curb,1FT+ FROM CURB,null,42.36644364500046,-71.08240650499965
over_1_ft_curb,1FT+ FROM CURB,null,42.36895302200048,-71.10000270799964
over_1_ft_curb,1FT+ FROM CURB,null,42.39734695700048,-71.13023104099966
over_1_ft_curb,1FT+ FROM CURB,null,42.366791640000486,-71.10600946299962
over_1_ft_curb,1FT+ FROM CURB,null,42.3702072640005,-71.10452824199967
over_1_ft_curb,1FT+ FROM CURB,null,42.366791640000486,-71.10600946299962
over_1_ft_curb,1FT+ FROM CURB,null,42.366791640000486,-71.10600946299962
over_1_ft_curb,1FT+ FROM CURB,null,42.36629411500047,-71.10516545399963
over_1_ft_curb,1FT+ FROM CURB,null,42.36680457500046,-71.10597550799963
over_1_ft_curb,1FT+ FROM CURB,null,42.39159476600048,-71.12356739399962
over_1_ft_curb,1FT+ FROM CURB,null,42.39159476600048,-71.12356739399962
over_1_ft_curb,1FT+ FROM CURB,null,42.39159476600048,-71.12356739399962
over_1_ft_curb,1FT+ FROM CURB,null,42.39159476600048,-71.12356739399962
over_1_ft_curb,1FT+ FROM CURB,null,42.39159476600048,-71.12356739399962
over_1_ft_curb,1FT+ FROM CURB,null,42.39159476600048,-71.12356739399962
over_1_ft_curb,1FT+ FROM CURB,null,42.39159476600048,-71.12356739399962
over_1_ft_curb,1FT+ FROM CURB,null,42.39159476600048,-71.12356739399962
over_1_ft_curb,1FT+ FROM CURB,null,42.39159476600048,-71.12356739399962
over_1_ft_curb,1FT+ FROM CURB,null,42.39159476600048,-71.12356739399962
over_1_ft_curb,1FT+ FROM CURB,null,42.39159476600048,-71.12356739399962
over_1_ft_curb,1FT+ FROM CURB,null,42.39159476600048,-71.12356739399962
over_1_ft_curb,1FT+ FROM CURB,null,42.39159476600048,-71.12356739399962
over_1_ft_curb,1FT+ FROM CURB,null,42.39159476600048,-71.12356739399962
over_1_ft_curb,1FT+ FROM CURB,null,42.39159476600048,-71.12356739399962
over_1_ft_curb,1FT+ FROM CURB,null,42.378752157000065,-71.12162216299998
over_1_ft_curb,1FT+ FROM CURB,null,42.36578134900003,-71.10087320399998
over_1_ft_curb,1FT+ FROM CURB,null,42.372832161000076,-71.12106118099996
over_1_ft_curb,1FT+ FROM CURB,null,42.37300961300008,-71.11974527599995
over_1_ft_curb,1FT+ FROM CURB,null,42.37422296600005,-71.12078924299993
over_1_ft_curb,1FT+ FROM CURB,null,42.36591155700006,-71.10079254399994
over_1_ft_curb,1FT+ FROM CURB,null,42.37460667500005,-71.12214202199993
over_1_ft_curb,1FT+ FROM CURB,null,42.372915126000066,-71.11903086099994
over_1_ft_curb,1FT+ FROM CURB,null,42.37720161400006,-71.10947498799999
over_1_ft_curb,1FT+ FROM CURB,null,42.368543368000076,-71.11146036899999
over_1_ft_curb,1FT+ FROM CURB,null,42.37122588100004,-71.11442979999998
over_1_ft_curb,1FT+ FROM CURB,null,42.38761593700008,-71.12282762899997
over_1_ft_curb,1FT+ FROM CURB,null,42.36679362800004,-71.10600609899996
over_1_ft_curb,1FT+ FROM CURB,null,42.36716984900005,-71.09991450599995
over_1_ft_curb,1FT+ FROM CURB,null,42.38180498000003,-71.13118628199999
over_1_ft_curb,1FT+ FROM CURB,null,42.36679362800004,-71.10600609899996
over_1_ft_curb,1FT+ FROM CURB,null,42.36006603100003,-71.10274105299999
over_1_ft_curb,1FT+ FROM CURB,null,42.372832161000076,-71.12106118099996
over_1_ft_curb,1FT+ FROM CURB,null,42.373356450000074,-71.09768714499995
over_1_ft_curb,1FT+ FROM CURB,null,42.36679362800004,-71.10600609899996
over_1_ft_curb,1FT+ FROM CURB,null,42.37900147800008,-71.12032372099998
over_1_ft_curb,1FT+ FROM CURB,null,42.36679362800004,-71.10600609899996
over_1_ft_curb,1FT+ FROM CURB,null,42.36679362800004,-71.10600609899996
over_1_ft_curb,1FT+ FROM CURB,null,42.36723377200008,-71.07807259099997
over_1_ft_curb,1FT+ FROM CURB,BOW0020,42.37145715500003,-71.11582869299997
over_1_ft_curb,1FT+ FROM CURB,null,42.39580241700003,-71.13084876099998
over_1_ft_curb,1FT+ FROM CURB,null,42.38180498000003,-71.13118628199999
over_1_ft_curb,1FT+ FROM CURB,null,42.381884487000036,-71.13133607799995
over_1_ft_curb,1FT+ FROM CURB,null,42.37026257300005,-71.11388937899994
over_1_ft_curb,1FT+ FROM CURB,null,42.36661099200006,-71.10030282499997
over_1_ft_curb,1FT+ FROM CURB,null,42.37435547800004,-71.12062216199996
over_1_ft_curb,1FT+ FROM CURB,null,42.36679362800004,-71.10600609899996
over_1_ft_curb,1FT+ FROM CURB,null,42.37275265400007,-71.11674819099994
over_1_ft_curb,1FT+ FROM CURB,null,42.373621386000025,-71.09295033099994
over_1_ft_curb,1FT+ FROM CURB,null,42.373600733000046,-71.12113607999999
over_1_ft_curb,1FT+ FROM CURB,null,42.37032133900004,-71.07867449499997
over_1_ft_curb,1FT+ FROM CURB,null,42.367044269000075,-71.10429596499995
over_1_ft_curb,1FT+ FROM CURB,null,42.37415843800005,-71.09652794899995
over_1_ft_curb,1FT+ FROM CURB,null,42.37184956600004,-71.08693664299994
over_1_ft_curb,1FT+ FROM CURB,null,42.36679362800004,-71.10600609899996
over_1_ft_curb,1FT+ FROM CURB,null,42.36679362800004,-71.10600609899996
over_1_ft_curb,1FT+ FROM CURB,null,42.36679362800004,-71.10600609899996
over_1_ft_curb,1FT+ FROM CURB,null,42.371436748000065,-71.09634012699996
over_1_ft_curb,1FT+ FROM CURB,null,42.36073552900007,-71.08811314199994
over_1_ft_curb,1FT+ FROM CURB,null,42.36799126900007,-71.07805568899994
over_1_ft_curb,1FT+ FROM CURB,null,42.364244205000034,-71.10184457799994
over_1_ft_curb,1FT+ FROM CURB,null,42.36342507200004,-71.10041913399994
over_1_ft_curb,1FT+ FROM CURB,null,42.373970315000065,-71.11276752899994
over_1_ft_curb,1FT+ FROM CURB,null,42.36404180100004,-71.10141749299999
over_1_ft_curb,1FT+ FROM CURB,null,42.360324142000024,-71.10584529999994
over_1_ft_curb,1FT+ FROM CURB,null,42.37009664400006,-71.07814674999997
over_1_ft_curb,1FT+ FROM CURB,null,42.37365834700006,-71.12127435399998
over_1_ft_curb,1FT+ FROM CURB,null,42.37445227000006,-71.10661387199997
over_1_ft_curb,1FT+ FROM CURB,null,42.36598415100008,-71.10475524199995
over_1_ft_curb,1FT+ FROM CURB,null,42.37447185800005,-71.10678325699996
over_1_ft_curb,1FT+ FROM CURB,null,42.38100508500003,-71.12297941399999
over_1_ft_curb,1FT+ FROM CURB,null,42.36770335500006,-71.11099023799994
over_1_ft_curb,1FT+ FROM CURB,null,42.36404180100004,-71.10141749299999
over_1_ft_curb,1FT+ FROM CURB,null,42.37954766000007,-71.13956452299993
over_1_ft_curb,1FT+ FROM CURB,null,42.366393291000065,-71.08199887799998
over_1_ft_curb,1FT+ FROM CURB,null,42.374120394000045,-71.12202455899995
over_1_ft_curb,1FT+ FROM CURB,null,42.36679362800004,-71.10600609899996
over_1_ft_curb,1FT+ FROM CURB,null,42.36679362800004,-71.10600609899996
over_1_ft_curb,1FT+ FROM CURB,null,42.36679362800004,-71.10600609899996
over_1_ft_curb,1FT+ FROM CURB,null,42.36679362800004,-71.10600609899996
over_1_ft_curb,1FT+ FROM CURB,null,42.36679362800004,-71.10600609899996
over_1_ft_curb,1FT+ FROM CURB,null,42.36679362800004,-71.10600609899996
over_1_ft_curb,1FT+ FROM CURB,null,42.36679362800004,-71.10600609899996
over_1_ft_curb,1FT+ FROM CURB,null,42.36679362800004,-71.10600609899996
over_1_ft_curb,1FT+ FROM CURB,null,42.36679362800004,-71.10600609899996
over_1_ft_curb,1FT+ FROM CURB,null,42.36679362800004,-71.10600609899996
over_1_ft_curb,1FT+ FROM CURB,null,42.36679362800004,-71.10600609899996
over_1_ft_curb,1FT+ FROM CURB,null,42.36679362800004,-71.10600609899996
over_1_ft_curb,1FT+ FROM CURB,null,42.36679362800004,-71.10600609899996
over_1_ft_curb,1FT+ FROM CURB,null,42.36679362800004,-71.10600609899996
over_1_ft_curb,1FT+ FROM CURB,null,42.36679362800004,-71.10600609899996
over_1_ft_curb,1FT+ FROM CURB,null,42.36679362800004,-71.10600609899996
over_1_ft_curb,1FT+ FROM CURB,null,42.36679362800004,-71.10600609899996
over_1_ft_curb,1FT+ FROM CURB,null,42.36679362800004,-71.10600609899996
over_1_ft_curb,1FT+ FROM CURB,null,42.36679362800004,-71.10600609899996
over_1_ft_curb,1FT+ FROM CURB,null,42.36679362800004,-71.10600609899996
over_1_ft_curb,1FT+ FROM CURB,null,42.36679362800004,-71.10600609899996
over_1_ft_curb,1FT+ FROM CURB,null,42.36679362800004,-71.10600609899996
over_1_ft_curb,1FT+ FROM CURB,null,42.36679362800004,-71.10600609899996
over_1_ft_curb,1FT+ FROM CURB,null,42.36679362800004,-71.10600609899996
over_1_ft_curb,1FT+ FROM CURB,null,42.36679362800004,-71.10600609899996
over_1_ft_curb,1FT+ FROM CURB,null,42.36679362800004,-71.10600609899996
over_1_ft_curb,1FT+ FROM CURB,null,42.36679362800004,-71.10600609899996
over_1_ft_curb,1FT+ FROM CURB,null,42.36679362800004,-71.10600609899996
over_1_ft_curb,1FT+ FROM CURB,null,42.36679362800004,-71.10600609899996
over_1_ft_curb,1FT+ FROM CURB,null,42.36679362800004,-71.10600609899996
over_1_ft_curb,1FT+ FROM CURB,null,42.36679362800004,-71.10600609899996
over_1_ft_curb,1FT+ FROM CURB,null,42.36679362800004,-71.10600609899996
over_1_ft_curb,1FT+ FROM CURB,null,42.36679362800004,-71.10600609899996
over_1_ft_curb,1FT+ FROM CURB,null,42.36679362800004,-71.10600609899996
over_1_ft_curb,1FT+ FROM CURB,null,42.36679362800004,-71.10600609899996
over_1_ft_curb,1FT+ FROM CURB,null,42.36679362800004,-71.10600609899996
over_1_ft_curb,1FT+ FROM CURB,null,42.36679362800004,-71.10600609899996
over_1_ft_curb,1FT+ FROM CURB,null,42.36679362800004,-71.10600609899996
over_1_ft_curb,1FT+ FROM CURB,null,42.380373846000055,-71.11991696599995
over_1_ft_curb,1FT+ FROM CURB,null,42.37228699700006,-71.11568482899997
over_1_ft_curb,1FT+ FROM CURB,null,42.38270563400005,-71.13061296499995
over_1_ft_curb,1FT+ FROM CURB,null,42.36679362800004,-71.10600609899996
over_1_ft_curb,1FT+ FROM CURB,null,42.36229257600007,-71.10461923899999
over_1_ft_curb,1FT+ FROM CURB,null,42.380373846000055,-71.11991696599995
over_1_ft_curb,1FT+ FROM CURB,null,42.37131806300005,-71.08489566399999
over_1_ft_curb,1FT+ FROM CURB,null,42.382542440000066,-71.11757091999993
over_1_ft_curb,1FT+ FROM CURB,null,42.382583589000035,-71.11617599399995
over_1_ft_curb,1FT+ FROM CURB,null,42.37777890700005,-71.12329545599994
over_1_ft_curb,1FT+ FROM CURB,null,42.37777890700005,-71.12329545599994
over_1_ft_curb,1FT+ FROM CURB,null,42.371149830000036,-71.10445564799994
over_1_ft_curb,1FT+ FROM CURB,null,42.38133484900004,-71.11250548899994
over_1_ft_curb,1FT+ FROM CURB,null,42.377132206000056,-71.15076335899994
over_1_ft_curb,1FT+ FROM CURB,null,42.37023607000003,-71.10745273299995
over_1_ft_curb,1FT+ FROM CURB,null,42.37738917000007,-71.15058182699994
over_1_ft_curb,1FT+ FROM CURB,null,42.36679362800004,-71.10600609899996
over_1_ft_curb,1FT+ FROM CURB,null,42.36844058200006,-71.08054121099997
over_1_ft_curb,1FT+ FROM CURB,null,42.37053220700005,-71.09028949599997
over_1_ft_curb,1FT+ FROM CURB,null,42.39068676800008,-71.11964156999994
over_1_ft_curb,1FT+ FROM CURB,null,42.367076514000075,-71.10507096699996
over_1_ft_curb,1FT+ FROM CURB,null,42.37777890700005,-71.12329545599994
over_1_ft_curb,1FT+ FROM CURB,null,42.369980310000074,-71.11673981999996
over_1_ft_curb,1FT+ FROM CURB,null,42.391647771000066,-71.12756350799998
over_1_ft_curb,1FT+ FROM CURB,null,42.37195535700005,-71.11846167099998
over_1_ft_curb,1FT+ FROM CURB,null,42.35947939600004,-71.10583002799996
over_1_ft_curb,1FT+ FROM CURB,null,42.370017199000074,-71.07014656699994
over_1_ft_curb,1FT+ FROM CURB,null,42.385227257000054,-71.11637830799998
over_1_ft_curb,1FT+ FROM CURB,null,42.37256713700003,-71.09067666199996
over_1_ft_curb,1FT+ FROM CURB,null,42.35919204000004,-71.10854509199999
over_1_ft_curb,1FT+ FROM CURB,null,42.370020166000074,-71.09326920299998
over_1_ft_curb,1FT+ FROM CURB,null,42.37444415600004,-71.12643805699997
over_1_ft_curb,1FT+ FROM CURB,null,42.371223488000055,-71.11336601399995
over_1_ft_curb,1FT+ FROM CURB,null,42.36272162400007,-71.10081183599993
over_1_ft_curb,1FT+ FROM CURB,null,42.36342182200008,-71.10195775999995
over_1_ft_curb,1FT+ FROM CURB,null,42.38147427500007,-71.11977753999997
over_1_ft_curb,1FT+ FROM CURB,PLE0002,42.36679362800004,-71.10600609899996
over_1_ft_curb,1FT+ FROM CURB,null,42.37993713100008,-71.12065442599999
over_1_ft_curb,1FT+ FROM CURB,null,42.39390739600003,-71.13521811599998
over_1_ft_curb,1FT+ FROM CURB,ESS0009,42.36557163400005,-71.10266154499993
over_1_ft_curb,1FT+ FROM CURB,null,42.374173417000065,-71.12520017799994
over_1_ft_curb,1FT+ FROM CURB,null,42.36415251100004,-71.10316671799995
over_1_ft_curb,1FT+ FROM CURB,null,42.38331446900003,-71.11615706999999
over_1_ft_curb,1FT+ FROM CURB,null,42.36679362800004,-71.10600609899996
over_1_ft_curb,1FT+ FROM CURB,null,42.36679362800004,-71.10600609899996
over_1_ft_curb,1FT+ FROM CURB,null,42.36541258700004,-71.10531408599996
over_1_ft_curb,1FT+ FROM CURB,null,42.36239000100005,-71.10018639199996
over_1_ft_curb,1FT+ FROM CURB,null,42.37063015100006,-71.08716565999998
over_1_ft_curb,1FT+ FROM CURB,null,42.36679362800004,-71.10600609899996
over_1_ft_curb,1FT+ FROM CURB,null,42.374399614000026,-71.12023719099994
over_1_ft_curb,1FT+ FROM CURB,null,42.36679362800004,-71.10600609899996
over_1_ft_curb,1FT+ FROM CURB,null,42.38144316300003,-71.11635756699997
over_1_ft_curb,1FT+ FROM CURB,null,42.38144316300003,-71.11635756699997
over_1_ft_curb,1FT+ FROM CURB,null,42.38144316300003,-71.11635756699997
over_1_ft_curb,1FT+ FROM CURB,null,42.38144316300003,-71.11635756699997
over_1_ft_curb,1FT+ FROM CURB,null,42.367971,-71.107933
over_1_ft_curb,1FT+ FROM CURB,null,42.367365,-71.106908
over_1_ft_curb,1FT+ FROM CURB,null,42.38138,-71.126117
over_1_ft_curb,1FT+ FROM CURB,null,42.373836,-71.121371
over_1_ft_curb,1FT+ FROM CURB,null,42.374476,-71.10675
over_1_ft_curb,1FT+ FROM CURB,null,42.360755,-71.109258
over_1_ft_curb,1FT+ FROM CURB,null,42.367054,-71.104308
over_1_ft_curb,1FT+ FROM CURB,null,42.35756,-71.092791
over_1_ft_curb,1FT+ FROM CURB,null,42.364103,-71.101542
over_1_ft_curb,1FT+ FROM CURB,null,42.380942,-71.116385
over_1_ft_curb,1FT+ FROM CURB,null,42.397907,-71.13075
over_1_ft_curb,1FT+ FROM CURB,null,42.397907,-71.13075
over_1_ft_curb,1FT+ FROM CURB,null,42.397907,-71.13075
over_1_ft_curb,1FT+ FROM CURB,null,42.365088,-71.106764
over_1_ft_curb,1FT+ FROM CURB,null,42.38583,-71.119238
over_1_ft_curb,1FT+ FROM CURB,null,42.359408,-71.106601
over_1_ft_curb,1FT+ FROM CURB,null,42.369484,-71.078928
over_1_ft_curb,1FT+ FROM CURB,null,42.372786,-71.119988
over_1_ft_curb,1FT+ FROM CURB,null,42.365851,-71.102318
over_1_ft_curb,1FT+ FROM CURB,null,42.369827,-71.086992
over_1_ft_curb,1FT+ FROM CURB,null,42.369827,-71.086992
over_1_ft_curb,1FT+ FROM CURB,null,42.369827,-71.086992
over_1_ft_curb,1FT+ FROM CURB,null,42.371854,-71.12078
over_1_ft_curb,1FT+ FROM CURB,null,42.372643,-71.116227
over_1_ft_curb,1FT+ FROM CURB,null,42.364588,-71.102365
over_1_ft_curb,1FT+ FROM CURB,null,42.366232,-71.093209
over_1_ft_curb,1FT+ FROM CURB,null,42.366102,-71.079699
over_1_ft_curb,1FT+ FROM CURB,null,42.362578,-71.084075
over_1_ft_curb,1FT+ FROM CURB,null,42.363785,-71.100988
over_1_ft_curb,1FT+ FROM CURB,null,42.364607,-71.102398
over_1_ft_curb,1FT+ FROM CURB,null,42.369492,-71.111648
over_1_ft_curb,1FT+ FROM CURB,null,42.364607,-71.102398
over_1_ft_curb,1FT+ FROM CURB,null,42.368,-71.078222
over_1_ft_curb,1FT+ FROM CURB,null,42.368,-71.078222
over_1_ft_curb,1FT+ FROM CURB,null,42.368,-71.078222
over_1_ft_curb,1FT+ FROM CURB,null,42.368,-71.078222
over_1_ft_curb,1FT+ FROM CURB,null,42.368,-71.078222
over_1_ft_curb,1FT+ FROM CURB,null,42.368,-71.078222
over_1_ft_curb,1FT+ FROM CURB,null,42.368,-71.078222
over_1_ft_curb,1FT+ FROM CURB,null,42.368,-71.078222
over_1_ft_curb,1FT+ FROM CURB,null,42.368,-71.078222
over_1_ft_curb,1FT+ FROM CURB,null,42.368,-71.078222
over_1_ft_curb,1FT+ FROM CURB,null,42.368,-71.078222
over_1_ft_curb,1FT+ FROM CURB,null,42.368,-71.078222
over_1_ft_curb,1FT+ FROM CURB,null,42.368,-71.078222
over_1_ft_curb,1FT+ FROM CURB,null,42.368,-71.078222
over_1_ft_curb,1FT+ FROM CURB,null,42.368,-71.078222
over_1_ft_curb,1FT+ FROM CURB,null,42.368,-71.078222
over_1_ft_curb,1FT+ FROM CURB,null,42.368,-71.078222
over_1_ft_curb,1FT+ FROM CURB,null,42.368,-71.078222
over_1_ft_curb,1FT+ FROM CURB,null,42.368,-71.078222
over_1_ft_curb,1FT+ FROM CURB,null,42.368,-71.078222
over_1_ft_curb,1FT+ FROM CURB,null,42.368,-71.078222
over_1_ft_curb,1FT+ FROM CURB,null,42.368,-71.078222
over_1_ft_curb,1FT+ FROM CURB,null,42.368,-71.078222
over_1_ft_curb,1FT+ FROM CURB,null,42.368,-71.078222
over_1_ft_curb,1FT+ FROM CURB,BIG003,42.368,-71.078222
over_1_ft_curb,1FT+ FROM CURB,null,42.368,-71.078222
over_1_ft_curb,1FT+ FROM CURB,null,42.368,-71.078222
over_1_ft_curb,1FT+ FROM CURB,null,42.368,-71.078222
over_1_ft_curb,1FT+ FROM CURB,null,42.368,-71.078222
over_1_ft_curb,1FT+ FROM CURB,null,42.368,-71.078222
over_1_ft_curb,1FT+ FROM CURB,null,42.368,-71.078222
over_1_ft_curb,1FT+ FROM CURB,null,42.368,-71.078222
over_1_ft_curb,1FT+ FROM CURB,null,42.368,-71.078222
over_1_ft_curb,1FT+ FROM CURB,null,42.368,-71.078222
over_1_ft_curb,1FT+ FROM CURB,null,42.368,-71.078222
over_1_ft_curb,1FT+ FROM CURB,null,42.368,-71.078222
over_1_ft_curb,1FT+ FROM CURB,null,42.368,-71.078222
over_1_ft_curb,1FT+ FROM CURB,null,42.368,-71.078222
over_1_ft_curb,1FT+ FROM CURB,null,42.368,-71.078222
over_1_ft_curb,1FT+ FROM CURB,null,42.368,-71.078222
over_1_ft_curb,1FT+ FROM CURB,null,42.372892,-71.11709
over_1_ft_curb,1FT+ FROM CURB,null,42.373865,-71.121396
over_1_ft_curb,1FT+ FROM CURB,null,42.357977,-71.112328
over_1_ft_curb,1FT+ FROM CURB,null,42.364443,-71.10364
over_1_ft_curb,1FT+ FROM CURB,null,42.371513,-71.116621
over_1_ft_curb,1FT+ FROM CURB,null,42.372934,-71.117242
over_1_ft_curb,1FT+ FROM CURB,null,42.375549,-71.110984
over_1_ft_curb,1FT+ FROM CURB,null,42.365554,-71.105521
over_1_ft_curb,1FT+ FROM CURB,null,42.390609,-71.129231
over_1_ft_curb,1FT+ FROM CURB,null,42.37588,-71.109812
over_1_ft_curb,1FT+ FROM CURB,null,42.375928,-71.1098
over_1_ft_curb,1FT+ FROM CURB,null,42.371117,-71.110813
over_1_ft_curb,1FT+ FROM CURB,null,42.36958,-71.091967
over_1_ft_curb,1FT+ FROM CURB,null,42.365554,-71.105521
over_1_ft_curb,1FT+ FROM CURB,null,42.372784,-71.119989
over_1_ft_curb,1FT+ FROM CURB,null,42.364155,-71.106014
over_1_ft_curb,1FT+ FROM CURB,null,42.372704,-71.116387
over_1_ft_curb,1FT+ FROM CURB,null,42.363617,-71.102249
over_1_ft_curb,1FT+ FROM CURB,null,42.374181,-71.104413
over_1_ft_curb,1FT+ FROM CURB,null,42.365816,-71.077551
over_1_ft_curb,1FT+ FROM CURB,null,42.377299,-71.122808
over_1_ft_curb,1FT+ FROM CURB,null,42.385769,-71.116203
over_1_ft_curb,1FT+ FROM CURB,null,42.373324,-71.120929
over_1_ft_curb,1FT+ FROM CURB,null,42.368656,-71.109392
over_1_ft_curb,1FT+ FROM CURB,null,42.37243,-71.098209
over_1_ft_curb,1FT+ FROM CURB,null,42.395723,-71.13375
over_1_ft_curb,1FT+ FROM CURB,null,42.374941,-71.120965
over_1_ft_curb,1FT+ FROM CURB,null,42.361155,-71.101547
over_1_ft_curb,1FT+ FROM CURB,null,42.371829,-71.086902
over_1_ft_curb,1FT+ FROM CURB,null,42.367012,-71.097847
over_1_ft_curb,1FT+ FROM CURB,null,42.366218,-71.105599
over_1_ft_curb,1FT+ FROM CURB,null,42.364157,-71.103166
over_1_ft_curb,1FT+ FROM CURB,null,42.371045,-71.114417
over_1_ft_curb,1FT+ FROM CURB,null,42.370118,-71.08387
over_1_ft_curb,1FT+ FROM CURB,null,42.366368,-71.105346
over_1_ft_curb,1FT+ FROM CURB,null,42.372553,-71.099961
over_1_ft_curb,1FT+ FROM CURB,null,42.373333,-71.096111
over_1_ft_curb,1FT+ FROM CURB,null,42.372781,-71.09356
over_1_ft_curb,1FT+ FROM CURB,null,42.371848,-71.086362
over_1_ft_curb,1FT+ FROM CURB,null,42.369525,-71.111742
over_1_ft_curb,1FT+ FROM CURB,null,42.372195,-71.089084
over_1_ft_curb,1FT+ FROM CURB,null,42.364274,-71.104768
over_1_ft_curb,1FT+ FROM CURB,null,42.372704,-71.116387
over_1_ft_curb,1FT+ FROM CURB,null,42.372704,-71.116387
over_1_ft_curb,1FT+ FROM CURB,null,42.366395,-71.105388
over_1_ft_curb,1FT+ FROM CURB,null,42.372432,-71.11732
over_1_ft_curb,1FT+ FROM CURB,null,42.36753,-71.101103
over_1_ft_curb,1FT+ FROM CURB,null,42.375586,-71.123364
over_1_ft_curb,1FT+ FROM CURB,null,42.373035,-71.091067
over_1_ft_curb,1FT+ FROM CURB,null,42.370874,-71.116215
over_1_ft_curb,1FT+ FROM CURB,null,42.390938,-71.1222
over_1_ft_curb,1FT+ FROM CURB,null,42.367725,-71.100083
over_1_ft_curb,1FT+ FROM CURB,null,42.36818,-71.079637
over_1_ft_curb,1FT+ FROM CURB,null,42.368366,-71.094935
over_1_ft_curb,1FT+ FROM CURB,null,42.369933,-71.082393
over_1_ft_curb,1FT+ FROM CURB,PLE0004,42.366395,-71.105388
over_1_ft_curb,1FT+ FROM CURB,PLE0006,42.366218,-71.105599
over_1_ft_curb,1FT+ FROM CURB,null,42.372584,-71.120168
over_1_ft_curb,1FT+ FROM CURB,null,42.372961,-71.121829
over_1_ft_curb,1FT+ FROM CURB,null,42.390458,-71.121389
over_1_ft_curb,1FT+ FROM CURB,null,42.390458,-71.121389
over_1_ft_curb,1FT+ FROM CURB,null,42.370168,-71.113571
over_1_ft_curb,1FT+ FROM CURB,null,42.373346,-71.12293
over_1_ft_curb,1FT+ FROM CURB,null,42.375928,-71.141604
over_1_ft_curb,1FT+ FROM CURB,null,42.373494,-71.114816
over_1_ft_curb,1FT+ FROM CURB,null,42.368894,-71.109987
over_1_ft_curb,1FT+ FROM CURB,null,42.373353,-71.119493
over_1_ft_curb,1FT+ FROM CURB,null,42.369654,-71.11211
over_1_ft_curb,1FT+ FROM CURB,null,42.369654,-71.11211
over_1_ft_curb,1FT+ FROM CURB,null,42.369654,-71.11211
over_1_ft_curb,1FT+ FROM CURB,null,42.369654,-71.11211
over_1_ft_curb,1FT+ FROM CURB,null,42.369654,-71.11211
over_1_ft_curb,1FT+ FROM CURB,null,42.369654,-71.11211
over_1_ft_curb,1FT+ FROM CURB,null,42.369654,-71.11211
over_1_ft_curb,1FT+ FROM CURB,null,42.369654,-71.11211
over_1_ft_curb,1FT+ FROM CURB,null,42.369654,-71.11211
over_1_ft_curb,1FT+ FROM CURB,null,42.369654,-71.11211
over_1_ft_curb,1FT+ FROM CURB,null,42.369654,-71.11211
over_1_ft_curb,1FT+ FROM CURB,null,42.369654,-71.11211
over_1_ft_curb,1FT+ FROM CURB,null,42.369654,-71.11211
over_1_ft_curb,1FT+ FROM CURB,null,42.369654,-71.11211
over_1_ft_curb,1FT+ FROM CURB,null,42.369654,-71.11211
over_1_ft_curb,1FT+ FROM CURB,null,42.369654,-71.11211
over_1_ft_curb,1FT+ FROM CURB,null,42.36518,-71.103071
over_1_ft_curb,1FT+ FROM CURB,null,42.372966,-71.119827
over_1_ft_curb,1FT+ FROM CURB,null,42.372362,-71.090323
over_1_ft_curb,1FT+ FROM CURB,null,42.359681,-71.108447
over_1_ft_curb,1FT+ FROM CURB,null,42.371956,-71.120695
over_1_ft_curb,1FT+ FROM CURB,null,42.365837,-71.108246
over_1_ft_curb,1FT+ FROM CURB,null,42.366322,-71.106816
over_1_ft_curb,1FT+ FROM CURB,null,42.374562,-71.122021
over_1_ft_curb,1FT+ FROM CURB,null,42.368272,-71.105127
over_1_ft_curb,1FT+ FROM CURB,null,42.367356,-71.084169
over_1_ft_curb,1FT+ FROM CURB,null,42.371513,-71.116621
over_1_ft_curb,1FT+ FROM CURB,null,42.371956,-71.120695
over_1_ft_curb,1FT+ FROM CURB,null,42.36368,-71.100818
over_1_ft_curb,1FT+ FROM CURB,null,42.374571,-71.122029
over_1_ft_curb,1FT+ FROM CURB,null,42.365131,-71.103121
over_1_ft_curb,1FT+ FROM CURB,null,42.374896,-71.148411
over_1_ft_curb,1FT+ FROM CURB,null,42.367339,-71.093087
over_1_ft_curb,1FT+ FROM CURB,null,42.37092,-71.114002
over_1_ft_curb,1FT+ FROM CURB,null,42.370797,-71.07438
over_1_ft_curb,1FT+ FROM CURB,null,42.372961,-71.121829
over_1_ft_curb,1FT+ FROM CURB,null,42.371681,-71.097996
over_1_ft_curb,1FT+ FROM CURB,null,42.374181,-71.096513
over_1_ft_curb,1FT+ FROM CURB,null,42.379679,-71.116527
over_1_ft_curb,1FT+ FROM CURB,null,42.36507629600004,-71.10612899499995
over_1_ft_curb,1FT+ FROM CURB,null,42.38182190100008,-71.11969800399999
over_1_ft_curb,1FT+ FROM CURB,null,42.37271278700007,-71.11912947499997
over_1_ft_curb,1FT+ FROM CURB,null,42.36548736700007,-71.09101363499997
over_1_ft_curb,1FT+ FROM CURB,FRAN0275,42.36469445200004,-71.10540577399996
