driveway_obstruct,DRVWAY/ALLEY OBSTRT,null,42.39435448100045,-71.12571524799966
driveway_obstruct,DRVWAY/ALLEY OBSTRT,null,42.36803175500046,-71.08419392499962
driveway_obstruct,DRVWAY/ALLEY OBSTRT,null,42.36803175500046,-71.08420429499967
driveway_obstruct,DRVWAY/ALLEY OBSTRT,null,42.361894702000484,-71.10984602199966
driveway_obstruct,DRVWAY/ALLEY OBSTRT,null,42.367451005000476,-71.11126332999964
driveway_obstruct,DRVWAY/ALLEY OBSTRT,null,42.369042306000495,-71.11283964999967
driveway_obstruct,DRVWAY/ALLEY OBSTRT,null,42.38228893900049,-71.12404559199967
driveway_obstruct,DRVWAY/ALLEY OBSTRT,null,42.366791640000486,-71.10600946299962
driveway_obstruct,DRVWAY/ALLEY OBSTRT,null,42.37259940000047,-71.11403571899967
driveway_obstruct,DRVWAY/ALLEY OBSTRT,null,42.366791640000486,-71.10600946299962
driveway_obstruct,DRVWAY/ALLEY OBSTRT,null,42.39147492900048,-71.12141262799963
driveway_obstruct,DRVWAY/ALLEY OBSTRT,null,42.36717445700049,-71.09446766899964
driveway_obstruct,DRVWAY/ALLEY OBSTRT,null,42.36803175500046,-71.08420429499967
driveway_obstruct,DRVWAY/ALLEY OBSTRT,null,42.3944724640005,-71.12935461599966
driveway_obstruct,DRVWAY/ALLEY OBSTRT,null,42.3923022670005,-71.15628067499966
driveway_obstruct,DRVWAY/ALLEY OBSTRT,null,42.37049648700048,-71.09786920599964
driveway_obstruct,DRVWAY/ALLEY OBSTRT,null,42.361855525000465,-71.11157098899963
driveway_obstruct,DRVWAY/ALLEY OBSTRT,null,42.37294278000047,-71.12188851999963
driveway_obstruct,DRVWAY/ALLEY OBSTRT,null,42.38633485200046,-71.12210247999963
driveway_obstruct,DRVWAY/ALLEY OBSTRT,null,42.369226323000476,-71.09011722999963
driveway_obstruct,DRVWAY/ALLEY OBSTRT,null,42.37171675200045,-71.09362765599963
driveway_obstruct,DRVWAY/ALLEY OBSTRT,null,42.37257174600046,-71.09743248999962
driveway_obstruct,DRVWAY/ALLEY OBSTRT,null,42.365444883000464,-71.11001656099967
driveway_obstruct,DRVWAY/ALLEY OBSTRT,null,42.36974058900046,-71.07881507299965
driveway_obstruct,DRVWAY/ALLEY OBSTRT,null,42.36797759800049,-71.09503689699966
driveway_obstruct,DRVWAY/ALLEY OBSTRT,null,42.3679925780005,-71.09194878199963
driveway_obstruct,DRVWAY/ALLEY OBSTRT,null,42.37636044800047,-71.11075517299963
driveway_obstruct,DRVWAY/ALLEY OBSTRT,null,42.39525210800048,-71.13210349799965
driveway_obstruct,DRVWAY/ALLEY OBSTRT,null,42.366791640000486,-71.10600946299962
driveway_obstruct,DRVWAY/ALLEY OBSTRT,null,42.367005072000495,-71.11072636599965
driveway_obstruct,DRVWAY/ALLEY OBSTRT,null,42.36733232000046,-71.09905951199966
driveway_obstruct,DRVWAY/ALLEY OBSTRT,null,42.359284784000465,-71.11329480199964
driveway_obstruct,DRVWAY/ALLEY OBSTRT,null,42.368307151000465,-71.10609764999964
driveway_obstruct,DRVWAY/ALLEY OBSTRT,null,42.373690611000484,-71.12582356199965
driveway_obstruct,DRVWAY/ALLEY OBSTRT,null,42.371579588000486,-71.11322009299965
driveway_obstruct,DRVWAY/ALLEY OBSTRT,null,42.400223052000456,-71.13448180799963
driveway_obstruct,DRVWAY/ALLEY OBSTRT,null,42.366791640000486,-71.10600946299962
driveway_obstruct,DRVWAY/ALLEY OBSTRT,null,42.37098044400045,-71.10223404899966
driveway_obstruct,DRVWAY/ALLEY OBSTRT,null,42.3679925780005,-71.09194878199963
driveway_obstruct,DRVWAY/ALLEY OBSTRT,null,42.36220466600048,-71.11159403399967
driveway_obstruct,DRVWAY/ALLEY OBSTRT,null,42.37272057600046,-71.11400167199963
driveway_obstruct,DRVWAY/ALLEY OBSTRT,null,42.36510611200049,-71.09736450599962
driveway_obstruct,DRVWAY/ALLEY OBSTRT,null,42.36996643700047,-71.10653321199965
driveway_obstruct,DRVWAY/ALLEY OBSTRT,null,42.369226323000476,-71.09011722999963
driveway_obstruct,DRVWAY/ALLEY OBSTRT,null,42.364554934000466,-71.10045934599964
driveway_obstruct,DRVWAY/ALLEY OBSTRT,null,42.3626943860005,-71.11364739999965
driveway_obstruct,DRVWAY/ALLEY OBSTRT,null,42.36574562800047,-71.10909473499964
driveway_obstruct,DRVWAY/ALLEY OBSTRT,null,42.35863489700046,-71.11236606299963
driveway_obstruct,DRVWAY/ALLEY OBSTRT,null,42.371660446000476,-71.11276929199965
driveway_obstruct,DRVWAY/ALLEY OBSTRT,null,42.3626148780005,-71.10348542699967
driveway_obstruct,DRVWAY/ALLEY OBSTRT,null,42.394504278000454,-71.12545598399964
driveway_obstruct,DRVWAY/ALLEY OBSTRT,null,42.37286673000045,-71.09732878499966
driveway_obstruct,DRVWAY/ALLEY OBSTRT,null,42.367982207000466,-71.08379408299965
driveway_obstruct,DRVWAY/ALLEY OBSTRT,null,42.35878469400046,-71.11260573799967
driveway_obstruct,DRVWAY/ALLEY OBSTRT,null,42.364634829000465,-71.10981375899962
driveway_obstruct,DRVWAY/ALLEY OBSTRT,null,42.369005433000495,-71.11021014299962
driveway_obstruct,DRVWAY/ALLEY OBSTRT,null,42.366791640000486,-71.10600946299962
driveway_obstruct,DRVWAY/ALLEY OBSTRT,null,42.37460909400045,-71.12149650899966
driveway_obstruct,DRVWAY/ALLEY OBSTRT,null,42.37049648700048,-71.09786920599964
driveway_obstruct,DRVWAY/ALLEY OBSTRT,null,42.39122718800047,-71.14427735599963
driveway_obstruct,DRVWAY/ALLEY OBSTRT,null,42.35864411500046,-71.11226466199963
driveway_obstruct,DRVWAY/ALLEY OBSTRT,null,42.36800755700045,-71.10435770399965
driveway_obstruct,DRVWAY/ALLEY OBSTRT,null,42.36249388900046,-71.10801619899962
driveway_obstruct,DRVWAY/ALLEY OBSTRT,null,42.369816640000465,-71.08691676699965
driveway_obstruct,DRVWAY/ALLEY OBSTRT,null,42.372518741000476,-71.08292526299965
driveway_obstruct,DRVWAY/ALLEY OBSTRT,null,42.37275956800045,-71.11994577299964
driveway_obstruct,DRVWAY/ALLEY OBSTRT,null,42.37562211500045,-71.12819613799962
driveway_obstruct,DRVWAY/ALLEY OBSTRT,null,42.36996643700047,-71.10653321199965
driveway_obstruct,DRVWAY/ALLEY OBSTRT,null,42.37186654900046,-71.09608892999967
driveway_obstruct,DRVWAY/ALLEY OBSTRT,null,42.397336587000495,-71.13271881599962
driveway_obstruct,DRVWAY/ALLEY OBSTRT,null,42.35958437700049,-71.10836534099963
driveway_obstruct,DRVWAY/ALLEY OBSTRT,null,42.370991967000464,-71.10625205499963
driveway_obstruct,DRVWAY/ALLEY OBSTRT,null,42.367005072000495,-71.11072636599965
driveway_obstruct,DRVWAY/ALLEY OBSTRT,null,42.3844667510005,-71.12418156099966
driveway_obstruct,DRVWAY/ALLEY OBSTRT,null,42.37236663900046,-71.09008784599962
driveway_obstruct,DRVWAY/ALLEY OBSTRT,null,42.3720543710005,-71.08549254699966
driveway_obstruct,DRVWAY/ALLEY OBSTRT,null,42.3853044600005,-71.12089870999966
driveway_obstruct,DRVWAY/ALLEY OBSTRT,null,42.37110719500049,-71.08604679399963
driveway_obstruct,DRVWAY/ALLEY OBSTRT,null,42.37379121200047,-71.11232021999967
driveway_obstruct,DRVWAY/ALLEY OBSTRT,null,42.370766120000496,-71.09770903799966
driveway_obstruct,DRVWAY/ALLEY OBSTRT,null,42.366791640000486,-71.10600946299962
driveway_obstruct,DRVWAY/ALLEY OBSTRT,null,42.37888509800047,-71.12462634099967
driveway_obstruct,DRVWAY/ALLEY OBSTRT,null,42.372107376000486,-71.11017903199962
driveway_obstruct,DRVWAY/ALLEY OBSTRT,null,42.38202970700047,-71.14209363399965
driveway_obstruct,DRVWAY/ALLEY OBSTRT,null,42.379902562000495,-71.12373217099963
driveway_obstruct,DRVWAY/ALLEY OBSTRT,null,42.36350432900048,-71.10613999199967
driveway_obstruct,DRVWAY/ALLEY OBSTRT,null,42.36526282300048,-71.10813373199966
driveway_obstruct,DRVWAY/ALLEY OBSTRT,null,42.364634829000465,-71.10981375899962
driveway_obstruct,DRVWAY/ALLEY OBSTRT,null,42.383611758000484,-71.11671246999964
driveway_obstruct,DRVWAY/ALLEY OBSTRT,null,42.3561966690005,-71.10712894199963
driveway_obstruct,DRVWAY/ALLEY OBSTRT,null,42.37200712700047,-71.08163701099966
driveway_obstruct,DRVWAY/ALLEY OBSTRT,null,42.364791539000464,-71.09810427099967
driveway_obstruct,DRVWAY/ALLEY OBSTRT,null,42.371815849000484,-71.09514060199967
driveway_obstruct,DRVWAY/ALLEY OBSTRT,null,42.36772179100046,-71.08178450299965
driveway_obstruct,DRVWAY/ALLEY OBSTRT,null,42.37297158700045,-71.09050497199962
driveway_obstruct,DRVWAY/ALLEY OBSTRT,null,42.36864131200048,-71.08545452099963
driveway_obstruct,DRVWAY/ALLEY OBSTRT,null,42.39379677700049,-71.13207814799966
driveway_obstruct,DRVWAY/ALLEY OBSTRT,null,42.3593447020005,-71.11147650099963
driveway_obstruct,DRVWAY/ALLEY OBSTRT,null,42.3707234850005,-71.09957112599966
driveway_obstruct,DRVWAY/ALLEY OBSTRT,null,42.37060249600046,-71.09697157799962
driveway_obstruct,DRVWAY/ALLEY OBSTRT,null,42.37246343200047,-71.11918987599967
driveway_obstruct,DRVWAY/ALLEY OBSTRT,null,42.36803175500046,-71.08420429499967
driveway_obstruct,DRVWAY/ALLEY OBSTRT,null,42.39429456200048,-71.12581549599963
driveway_obstruct,DRVWAY/ALLEY OBSTRT,null,42.39284614400049,-71.12844385099964
driveway_obstruct,DRVWAY/ALLEY OBSTRT,null,42.37259940000047,-71.11403571899967
driveway_obstruct,DRVWAY/ALLEY OBSTRT,null,42.39546412900046,-71.12956617399965
driveway_obstruct,DRVWAY/ALLEY OBSTRT,null,42.38167707700046,-71.11802952799962
driveway_obstruct,DRVWAY/ALLEY OBSTRT,null,42.37759684600047,-71.15020699799965
driveway_obstruct,DRVWAY/ALLEY OBSTRT,null,42.368466165000484,-71.08170729999966
driveway_obstruct,DRVWAY/ALLEY OBSTRT,null,42.36942486400045,-71.11460379399966
driveway_obstruct,DRVWAY/ALLEY OBSTRT,null,42.368792261000465,-71.08467442599965
driveway_obstruct,DRVWAY/ALLEY OBSTRT,null,42.369406427000456,-71.08379638799966
driveway_obstruct,DRVWAY/ALLEY OBSTRT,null,42.36515220300049,-71.11458190099967
driveway_obstruct,DRVWAY/ALLEY OBSTRT,null,42.368307151000465,-71.10609764999964
driveway_obstruct,DRVWAY/ALLEY OBSTRT,null,42.366465804000484,-71.09840271199965
driveway_obstruct,DRVWAY/ALLEY OBSTRT,null,42.394344110000475,-71.12572561799965
driveway_obstruct,DRVWAY/ALLEY OBSTRT,null,42.36249388900046,-71.10801619899962
driveway_obstruct,DRVWAY/ALLEY OBSTRT,null,42.364634829000465,-71.10981375899962
driveway_obstruct,DRVWAY/ALLEY OBSTRT,null,42.39464485600047,-71.12681567699963
driveway_obstruct,DRVWAY/ALLEY OBSTRT,null,42.376180096000496,-71.13338624499966
driveway_obstruct,DRVWAY/ALLEY OBSTRT,null,42.38196169100047,-71.13565482999962
driveway_obstruct,DRVWAY/ALLEY OBSTRT,null,42.3710726270005,-71.11416131799967
driveway_obstruct,DRVWAY/ALLEY OBSTRT,null,42.36824953700045,-71.11354715199963
driveway_obstruct,DRVWAY/ALLEY OBSTRT,null,42.37088826200045,-71.11099830499967
driveway_obstruct,DRVWAY/ALLEY OBSTRT,null,42.38286392600048,-71.13375241299963
driveway_obstruct,DRVWAY/ALLEY OBSTRT,null,42.38412913200045,-71.12093558299966
driveway_obstruct,DRVWAY/ALLEY OBSTRT,null,42.3838353000005,-71.12590076499964
driveway_obstruct,DRVWAY/ALLEY OBSTRT,null,42.35864411500046,-71.11226466199963
driveway_obstruct,DRVWAY/ALLEY OBSTRT,null,42.37591451500049,-71.12889900199963
driveway_obstruct,DRVWAY/ALLEY OBSTRT,null,42.388263520000464,-71.14180916799967
driveway_obstruct,DRVWAY/ALLEY OBSTRT,null,42.39154060900046,-71.12653797699966
driveway_obstruct,DRVWAY/ALLEY OBSTRT,null,42.37060249600046,-71.09697157799962
driveway_obstruct,DRVWAY/ALLEY OBSTRT,null,42.38909349700049,-71.11800052999962
driveway_obstruct,DRVWAY/ALLEY OBSTRT,null,42.37070620100047,-71.08278698899966
driveway_obstruct,DRVWAY/ALLEY OBSTRT,null,42.3689524290005,-71.09497121699962
driveway_obstruct,DRVWAY/ALLEY OBSTRT,null,42.359131773000456,-71.11316408599964
driveway_obstruct,DRVWAY/ALLEY OBSTRT,null,42.367702203000476,-71.11429037399967
driveway_obstruct,DRVWAY/ALLEY OBSTRT,null,42.36698433100048,-71.09408395999964
driveway_obstruct,DRVWAY/ALLEY OBSTRT,null,42.37298311000046,-71.11035072199962
driveway_obstruct,DRVWAY/ALLEY OBSTRT,null,42.37460437100049,-71.12640200799967
driveway_obstruct,DRVWAY/ALLEY OBSTRT,null,42.395088485000485,-71.13632776299966
driveway_obstruct,DRVWAY/ALLEY OBSTRT,null,42.35864411500046,-71.11226466199963
driveway_obstruct,DRVWAY/ALLEY OBSTRT,null,42.39668785200047,-71.13429744299964
driveway_obstruct,DRVWAY/ALLEY OBSTRT,null,42.3685260850005,-71.09384543699963
driveway_obstruct,DRVWAY/ALLEY OBSTRT,null,42.369042306000495,-71.09507146499965
driveway_obstruct,DRVWAY/ALLEY OBSTRT,null,42.370766120000496,-71.09770903799966
driveway_obstruct,DRVWAY/ALLEY OBSTRT,null,42.382719892000466,-71.12061640099967
driveway_obstruct,DRVWAY/ALLEY OBSTRT,null,42.36526282300048,-71.10813373199966
driveway_obstruct,DRVWAY/ALLEY OBSTRT,null,42.3974505110005,-71.13445189299966
driveway_obstruct,DRVWAY/ALLEY OBSTRT,null,42.366791640000486,-71.10600946299962
driveway_obstruct,DRVWAY/ALLEY OBSTRT,null,42.382551658000466,-71.11544034999963
driveway_obstruct,DRVWAY/ALLEY OBSTRT,null,42.3780116690005,-71.15162660899966
driveway_obstruct,DRVWAY/ALLEY OBSTRT,null,42.366791640000486,-71.10600946299962
driveway_obstruct,DRVWAY/ALLEY OBSTRT,null,42.38167707700046,-71.11802952799962
driveway_obstruct,DRVWAY/ALLEY OBSTRT,null,42.37060249600046,-71.09697157799962
driveway_obstruct,DRVWAY/ALLEY OBSTRT,null,42.383655545000465,-71.12635130799964
driveway_obstruct,DRVWAY/ALLEY OBSTRT,null,42.36554949300046,-71.10823873199962
driveway_obstruct,DRVWAY/ALLEY OBSTRT,null,42.3614654320005,-71.08829511699963
driveway_obstruct,DRVWAY/ALLEY OBSTRT,null,42.36515220300049,-71.11458190099967
driveway_obstruct,DRVWAY/ALLEY OBSTRT,null,42.36974422700047,-71.08011870399963
driveway_obstruct,DRVWAY/ALLEY OBSTRT,null,42.38025285600048,-71.12464938699964
driveway_obstruct,DRVWAY/ALLEY OBSTRT,null,42.36568455700046,-71.10565517299966
driveway_obstruct,DRVWAY/ALLEY OBSTRT,null,42.37176053900049,-71.10049410399967
driveway_obstruct,DRVWAY/ALLEY OBSTRT,null,42.36635864200048,-71.10197708999965
driveway_obstruct,DRVWAY/ALLEY OBSTRT,null,42.37167642300045,-71.07914692999964
driveway_obstruct,DRVWAY/ALLEY OBSTRT,null,42.369446757000446,-71.08404643199964
driveway_obstruct,DRVWAY/ALLEY OBSTRT,null,42.366791640000486,-71.10600946299962
driveway_obstruct,DRVWAY/ALLEY OBSTRT,null,42.366791640000486,-71.10600946299962
driveway_obstruct,DRVWAY/ALLEY OBSTRT,null,42.3750364760005,-71.11063764099964
driveway_obstruct,DRVWAY/ALLEY OBSTRT,null,42.36104662300045,-71.10654012599963
driveway_obstruct,DRVWAY/ALLEY OBSTRT,null,42.36850303800048,-71.09114909799962
driveway_obstruct,DRVWAY/ALLEY OBSTRT,null,42.37310179600047,-71.09102465199965
driveway_obstruct,DRVWAY/ALLEY OBSTRT,null,42.3593447020005,-71.11147650099963
driveway_obstruct,DRVWAY/ALLEY OBSTRT,null,42.37286673000045,-71.09732878499966
driveway_obstruct,DRVWAY/ALLEY OBSTRT,null,42.379646756000454,-71.11206992599966
driveway_obstruct,DRVWAY/ALLEY OBSTRT,null,42.37886666100047,-71.15326860999966
driveway_obstruct,DRVWAY/ALLEY OBSTRT,null,42.37078604800047,-71.07864475299965
driveway_obstruct,DRVWAY/ALLEY OBSTRT,null,42.365701842000476,-71.09597370199964
driveway_obstruct,DRVWAY/ALLEY OBSTRT,null,42.366791640000486,-71.10600946299962
driveway_obstruct,DRVWAY/ALLEY OBSTRT,null,42.361743754000486,-71.10959597699963
driveway_obstruct,DRVWAY/ALLEY OBSTRT,null,42.38716608900046,-71.12943207499967
driveway_obstruct,DRVWAY/ALLEY OBSTRT,null,42.396837648000485,-71.13091779999962
driveway_obstruct,DRVWAY/ALLEY OBSTRT,null,42.36270245200046,-71.10716120599966
driveway_obstruct,DRVWAY/ALLEY OBSTRT,null,42.39371150800048,-71.13199403099964
driveway_obstruct,DRVWAY/ALLEY OBSTRT,null,42.376672716000485,-71.10632464899965
driveway_obstruct,DRVWAY/ALLEY OBSTRT,null,42.37312491300048,-71.10016359599967
driveway_obstruct,DRVWAY/ALLEY OBSTRT,null,42.364634829000465,-71.10981375899962
driveway_obstruct,DRVWAY/ALLEY OBSTRT,null,42.3710726270005,-71.11416131799967
driveway_obstruct,DRVWAY/ALLEY OBSTRT,null,42.369737132000466,-71.07717652799965
driveway_obstruct,DRVWAY/ALLEY OBSTRT,null,42.382673801000465,-71.13495539599967
driveway_obstruct,DRVWAY/ALLEY OBSTRT,null,42.3710726270005,-71.11416131799967
driveway_obstruct,DRVWAY/ALLEY OBSTRT,null,42.3711832460005,-71.10579114299964
driveway_obstruct,DRVWAY/ALLEY OBSTRT,null,42.378252519000455,-71.11080648699965
driveway_obstruct,DRVWAY/ALLEY OBSTRT,null,42.36260450800046,-71.10961556699965
driveway_obstruct,DRVWAY/ALLEY OBSTRT,null,42.367907309000486,-71.08277661799963
driveway_obstruct,DRVWAY/ALLEY OBSTRT,null,42.3710726270005,-71.11416131799967
driveway_obstruct,DRVWAY/ALLEY OBSTRT,null,42.36807323700049,-71.11018133599964
driveway_obstruct,DRVWAY/ALLEY OBSTRT,0,42.36308385700045,-71.10287586999965
driveway_obstruct,DRVWAY/ALLEY OBSTRT,null,42.37044348100045,-71.09078036799963
driveway_obstruct,DRVWAY/ALLEY OBSTRT,null,42.37130193100046,-71.09634127999965
driveway_obstruct,DRVWAY/ALLEY OBSTRT,null,42.36840739900049,-71.07918610799965
driveway_obstruct,DRVWAY/ALLEY OBSTRT,null,42.37759684600047,-71.15020699799965
driveway_obstruct,DRVWAY/ALLEY OBSTRT,null,42.37281142100045,-71.09108456999962
driveway_obstruct,DRVWAY/ALLEY OBSTRT,null,42.37859933100049,-71.11197659199962
driveway_obstruct,DRVWAY/ALLEY OBSTRT,null,42.37248532500047,-71.10894954699967
driveway_obstruct,DRVWAY/ALLEY OBSTRT,null,42.36526282300048,-71.10813373199966
driveway_obstruct,DRVWAY/ALLEY OBSTRT,null,42.3643429330005,-71.09735663299966
driveway_obstruct,DRVWAY/ALLEY OBSTRT,null,42.37396139700047,-71.12011631099966
driveway_obstruct,DRVWAY/ALLEY OBSTRT,null,42.371821611000485,-71.08131437299966
driveway_obstruct,DRVWAY/ALLEY OBSTRT,null,42.39002996700049,-71.12203485999964
driveway_obstruct,DRVWAY/ALLEY OBSTRT,null,42.35877432300049,-71.11259651999967
driveway_obstruct,DRVWAY/ALLEY OBSTRT,null,42.3707234850005,-71.09957112599966
driveway_obstruct,DRVWAY/ALLEY OBSTRT,null,42.368467317000466,-71.08386667699966
driveway_obstruct,DRVWAY/ALLEY OBSTRT,null,42.37236663900046,-71.09008784599962
driveway_obstruct,DRVWAY/ALLEY OBSTRT,null,42.370226852000485,-71.09802937199964
driveway_obstruct,DRVWAY/ALLEY OBSTRT,null,42.38142242200047,-71.12159353599964
driveway_obstruct,DRVWAY/ALLEY OBSTRT,null,42.37023146200045,-71.10542356499963
driveway_obstruct,DRVWAY/ALLEY OBSTRT,null,42.3711832460005,-71.10579114299964
driveway_obstruct,DRVWAY/ALLEY OBSTRT,null,42.36861596200049,-71.09595065599967
driveway_obstruct,DRVWAY/ALLEY OBSTRT,null,42.36853299800049,-71.09123897499967
driveway_obstruct,DRVWAY/ALLEY OBSTRT,null,42.37396139700047,-71.12011631099966
driveway_obstruct,DRVWAY/ALLEY OBSTRT,null,42.37664045200046,-71.10833538099962
driveway_obstruct,DRVWAY/ALLEY OBSTRT,null,42.362151661000496,-71.10544200199962
driveway_obstruct,DRVWAY/ALLEY OBSTRT,null,42.390140587000474,-71.12194498099967
driveway_obstruct,DRVWAY/ALLEY OBSTRT,null,42.366791640000486,-71.10600946299962
driveway_obstruct,DRVWAY/ALLEY OBSTRT,null,42.36824953700045,-71.11354715199963
driveway_obstruct,DRVWAY/ALLEY OBSTRT,null,42.37023146200045,-71.10542356499963
driveway_obstruct,DRVWAY/ALLEY OBSTRT,null,42.366791640000486,-71.10600946299962
driveway_obstruct,DRVWAY/ALLEY OBSTRT,null,42.3776717450005,-71.15306235199967
driveway_obstruct,DRVWAY/ALLEY OBSTRT,null,42.36403564200049,-71.10841027999965
driveway_obstruct,DRVWAY/ALLEY OBSTRT,null,42.367082275000485,-71.09827826599962
driveway_obstruct,DRVWAY/ALLEY OBSTRT,null,42.363366166000446,-71.11374764899966
driveway_obstruct,DRVWAY/ALLEY OBSTRT,null,42.38240071000047,-71.13918657399967
driveway_obstruct,DRVWAY/ALLEY OBSTRT,null,42.373120232000474,-71.09828402699964
driveway_obstruct,DRVWAY/ALLEY OBSTRT,null,42.383402042000455,-71.14084701199965
driveway_obstruct,DRVWAY/ALLEY OBSTRT,null,42.38241108000045,-71.14186678199962
driveway_obstruct,DRVWAY/ALLEY OBSTRT,null,42.3710726270005,-71.11416131799967
driveway_obstruct,DRVWAY/ALLEY OBSTRT,null,42.366791640000486,-71.10600946299962
driveway_obstruct,DRVWAY/ALLEY OBSTRT,null,42.373120232000474,-71.09828402699964
driveway_obstruct,DRVWAY/ALLEY OBSTRT,null,42.36803175500046,-71.08419392499962
driveway_obstruct,DRVWAY/ALLEY OBSTRT,null,42.366791640000486,-71.10600946299962
driveway_obstruct,DRVWAY/ALLEY OBSTRT,null,42.369226323000476,-71.09011722999963
driveway_obstruct,DRVWAY/ALLEY OBSTRT,null,42.36510611200049,-71.09736450599962
driveway_obstruct,DRVWAY/ALLEY OBSTRT,null,42.3734071500005,-71.09102580399963
driveway_obstruct,DRVWAY/ALLEY OBSTRT,null,42.36844772900048,-71.08557666299964
driveway_obstruct,DRVWAY/ALLEY OBSTRT,null,42.39002996700049,-71.12203485999964
driveway_obstruct,DRVWAY/ALLEY OBSTRT,null,42.368560653000486,-71.10699297299965
driveway_obstruct,DRVWAY/ALLEY OBSTRT,null,42.37126160100047,-71.11330171599963
driveway_obstruct,DRVWAY/ALLEY OBSTRT,null,42.36382477400048,-71.10790557999962
driveway_obstruct,DRVWAY/ALLEY OBSTRT,null,42.366791640000486,-71.10600946299962
driveway_obstruct,DRVWAY/ALLEY OBSTRT,null,42.366791640000486,-71.10600946299962
driveway_obstruct,DRVWAY/ALLEY OBSTRT,null,42.369522808000454,-71.11548874699963
driveway_obstruct,DRVWAY/ALLEY OBSTRT,null,42.3596051180005,-71.10985639299963
driveway_obstruct,DRVWAY/ALLEY OBSTRT,null,42.3703305570005,-71.10152424299963
driveway_obstruct,DRVWAY/ALLEY OBSTRT,null,42.366791640000486,-71.10600946299962
driveway_obstruct,DRVWAY/ALLEY OBSTRT,null,42.364434331000496,-71.10895646099965
driveway_obstruct,DRVWAY/ALLEY OBSTRT,null,42.366791640000486,-71.10600946299962
driveway_obstruct,DRVWAY/ALLEY OBSTRT,null,42.38160563500048,-71.13818754599964
driveway_obstruct,DRVWAY/ALLEY OBSTRT,null,42.3710726270005,-71.11416131799967
driveway_obstruct,DRVWAY/ALLEY OBSTRT,null,42.36815620100049,-71.09408972099965
driveway_obstruct,DRVWAY/ALLEY OBSTRT,null,42.3687847540005,-71.10375183099967
driveway_obstruct,DRVWAY/ALLEY OBSTRT,null,42.37049648700048,-71.11440099199967
driveway_obstruct,DRVWAY/ALLEY OBSTRT,null,42.3725360250005,-71.10906938499966
driveway_obstruct,DRVWAY/ALLEY OBSTRT,null,42.362514630000476,-71.10331604099963
driveway_obstruct,DRVWAY/ALLEY OBSTRT,null,42.379902562000495,-71.12373217099963
driveway_obstruct,DRVWAY/ALLEY OBSTRT,null,42.3694836300005,-71.10151156799964
driveway_obstruct,DRVWAY/ALLEY OBSTRT,null,42.39002996700049,-71.12203485999964
driveway_obstruct,DRVWAY/ALLEY OBSTRT,null,42.3852666890005,-71.11735637299967
driveway_obstruct,DRVWAY/ALLEY OBSTRT,null,42.37390608800047,-71.12432098699963
driveway_obstruct,DRVWAY/ALLEY OBSTRT,null,42.3716280270005,-71.11050743199962
driveway_obstruct,DRVWAY/ALLEY OBSTRT,null,42.39159476600048,-71.12356739399962
driveway_obstruct,DRVWAY/ALLEY OBSTRT,null,42.39159476600048,-71.12356739399962
driveway_obstruct,DRVWAY/ALLEY OBSTRT,null,42.39159476600048,-71.12356739399962
driveway_obstruct,DRVWAY/ALLEY OBSTRT,null,42.39159476600048,-71.12356739399962
driveway_obstruct,DRVWAY/ALLEY OBSTRT,null,42.39159476600048,-71.12356739399962
driveway_obstruct,DRVWAY/ALLEY OBSTRT,null,42.39159476600048,-71.12356739399962
driveway_obstruct,DRVWAY/ALLEY OBSTRT,null,42.39159476600048,-71.12356739399962
driveway_obstruct,DRVWAY/ALLEY OBSTRT,null,42.39159476600048,-71.12356739399962
driveway_obstruct,DRVWAY/ALLEY OBSTRT,null,42.39159476600048,-71.12356739399962
driveway_obstruct,DRVWAY/ALLEY OBSTRT,null,42.39159476600048,-71.12356739399962
driveway_obstruct,DRVWAY/ALLEY OBSTRT,null,42.39159476600048,-71.12356739399962
driveway_obstruct,DRVWAY/ALLEY OBSTRT,null,42.39159476600048,-71.12356739399962
driveway_obstruct,DRVWAY/ALLEY OBSTRT,null,42.39159476600048,-71.12356739399962
driveway_obstruct,DRVWAY/ALLEY OBSTRT,null,42.39159476600048,-71.12356739399962
driveway_obstruct,DRVWAY/ALLEY OBSTRT,null,42.39159476600048,-71.12356739399962
driveway_obstruct,DRVWAY/ALLEY OBSTRT,null,42.39159476600048,-71.12356739399962
driveway_obstruct,DRVWAY/ALLEY OBSTRT,null,42.39159476600048,-71.12356739399962
driveway_obstruct,DRVWAY/ALLEY OBSTRT,null,42.39159476600048,-71.12356739399962
driveway_obstruct,DRVWAY/ALLEY OBSTRT,null,42.39159476600048,-71.12356739399962
driveway_obstruct,DRVWAY/ALLEY OBSTRT,null,42.39159476600048,-71.12356739399962
driveway_obstruct,DRVWAY/ALLEY OBSTRT,null,42.39159476600048,-71.12356739399962
driveway_obstruct,DRVWAY/ALLEY OBSTRT,null,42.39159476600048,-71.12356739399962
driveway_obstruct,DRVWAY/ALLEY OBSTRT,null,42.39159476600048,-71.12356739399962
driveway_obstruct,DRVWAY/ALLEY OBSTRT,null,42.39159476600048,-71.12356739399962
driveway_obstruct,DRVWAY/ALLEY OBSTRT,null,42.39159476600048,-71.12356739399962
driveway_obstruct,DRVWAY/ALLEY OBSTRT,null,42.39159476600048,-71.12356739399962
driveway_obstruct,DRVWAY/ALLEY OBSTRT,null,42.39159476600048,-71.12356739399962
driveway_obstruct,DRVWAY/ALLEY OBSTRT,null,42.39159476600048,-71.12356739399962
driveway_obstruct,DRVWAY/ALLEY OBSTRT,null,42.39159476600048,-71.12356739399962
driveway_obstruct,DRVWAY/ALLEY OBSTRT,null,42.39159476600048,-71.12356739399962
driveway_obstruct,DRVWAY/ALLEY OBSTRT,null,42.39159476600048,-71.12356739399962
driveway_obstruct,DRVWAY/ALLEY OBSTRT,null,42.39159476600048,-71.12356739399962
driveway_obstruct,DRVWAY/ALLEY OBSTRT,null,42.39159476600048,-71.12356739399962
driveway_obstruct,DRVWAY/ALLEY OBSTRT,null,42.39159476600048,-71.12356739399962
driveway_obstruct,DRVWAY/ALLEY OBSTRT,null,42.36728277200007,-71.09889934499995
driveway_obstruct,DRVWAY/ALLEY OBSTRT,null,42.37023146100006,-71.10542356499997
driveway_obstruct,DRVWAY/ALLEY OBSTRT,null,42.387223317000064,-71.12947049599995
driveway_obstruct,DRVWAY/ALLEY OBSTRT,null,42.37387152000008,-71.09956536399994
driveway_obstruct,DRVWAY/ALLEY OBSTRT,null,42.39385208600004,-71.13200324999997
driveway_obstruct,DRVWAY/ALLEY OBSTRT,null,42.39220086600005,-71.12650801799998
driveway_obstruct,DRVWAY/ALLEY OBSTRT,null,42.38640258400005,-71.13584265299994
driveway_obstruct,DRVWAY/ALLEY OBSTRT,null,42.36762615200007,-71.09345020499995
driveway_obstruct,DRVWAY/ALLEY OBSTRT,null,42.369066504000045,-71.10794014799995
driveway_obstruct,DRVWAY/ALLEY OBSTRT,null,42.37156119500003,-71.10823282799998
driveway_obstruct,DRVWAY/ALLEY OBSTRT,null,42.37162572200003,-71.08876963599994
driveway_obstruct,DRVWAY/ALLEY OBSTRT,null,42.381845310000074,-71.13172209299995
driveway_obstruct,DRVWAY/ALLEY OBSTRT,null,42.362004169000045,-71.10845637099999
driveway_obstruct,DRVWAY/ALLEY OBSTRT,null,42.369322311000076,-71.10819941199998
driveway_obstruct,DRVWAY/ALLEY OBSTRT,null,42.36679362800004,-71.10600609899996
driveway_obstruct,DRVWAY/ALLEY OBSTRT,null,42.37519088200003,-71.13423637199998
driveway_obstruct,DRVWAY/ALLEY OBSTRT,null,42.36679362800004,-71.10600609899996
driveway_obstruct,DRVWAY/ALLEY OBSTRT,null,42.39949481000008,-71.13057672499997
driveway_obstruct,DRVWAY/ALLEY OBSTRT,null,42.36679362800004,-71.10600609899996
driveway_obstruct,DRVWAY/ALLEY OBSTRT,null,42.394949059000055,-71.13087746999997
driveway_obstruct,DRVWAY/ALLEY OBSTRT,null,42.39901430900005,-71.12912600199996
driveway_obstruct,DRVWAY/ALLEY OBSTRT,null,42.37825251900006,-71.11080648599994
driveway_obstruct,DRVWAY/ALLEY OBSTRT,null,42.37087328200005,-71.10502141899997
driveway_obstruct,DRVWAY/ALLEY OBSTRT,null,42.387231075000045,-71.12127896299995
driveway_obstruct,DRVWAY/ALLEY OBSTRT,null,42.38167707700006,-71.11802952799997
driveway_obstruct,DRVWAY/ALLEY OBSTRT,null,42.37071657200005,-71.08928931499997
driveway_obstruct,DRVWAY/ALLEY OBSTRT,null,42.38293191100007,-71.13325232299997
driveway_obstruct,DRVWAY/ALLEY OBSTRT,null,42.37022224300006,-71.08491410099998
driveway_obstruct,DRVWAY/ALLEY OBSTRT,null,42.37460437100003,-71.12640200799996
driveway_obstruct,DRVWAY/ALLEY OBSTRT,null,42.394993998000075,-71.12613467799997
driveway_obstruct,DRVWAY/ALLEY OBSTRT,null,42.37054603400003,-71.09014200399997
driveway_obstruct,DRVWAY/ALLEY OBSTRT,null,42.36906765700007,-71.10643757299994
driveway_obstruct,DRVWAY/ALLEY OBSTRT,null,42.36906765700007,-71.10643757299994
driveway_obstruct,DRVWAY/ALLEY OBSTRT,null,42.37644475900004,-71.12667622499998
driveway_obstruct,DRVWAY/ALLEY OBSTRT,null,42.36603485100005,-71.11002462599998
driveway_obstruct,DRVWAY/ALLEY OBSTRT,null,42.373120232000076,-71.09828402699998
driveway_obstruct,DRVWAY/ALLEY OBSTRT,null,42.38353916400007,-71.13657550399995
driveway_obstruct,DRVWAY/ALLEY OBSTRT,null,42.37198638700005,-71.09316213399995
driveway_obstruct,DRVWAY/ALLEY OBSTRT,null,42.38255165800007,-71.11473054499999
driveway_obstruct,DRVWAY/ALLEY OBSTRT,null,42.371183246000044,-71.10579114299998
driveway_obstruct,DRVWAY/ALLEY OBSTRT,null,42.36679362800004,-71.10600609899996
driveway_obstruct,DRVWAY/ALLEY OBSTRT,null,42.37259940000007,-71.11403571899996
driveway_obstruct,DRVWAY/ALLEY OBSTRT,null,42.383071338000036,-71.13317166299998
driveway_obstruct,DRVWAY/ALLEY OBSTRT,null,42.36904230600004,-71.11283965099994
driveway_obstruct,DRVWAY/ALLEY OBSTRT,null,42.36613394700004,-71.11011680899998
driveway_obstruct,DRVWAY/ALLEY OBSTRT,null,42.36897547400008,-71.11247092099995
driveway_obstruct,DRVWAY/ALLEY OBSTRT,null,42.369316077000065,-71.10623777699993
driveway_obstruct,DRVWAY/ALLEY OBSTRT,null,42.370328517000075,-71.10665390199995
driveway_obstruct,DRVWAY/ALLEY OBSTRT,null,42.371023079000054,-71.10760944399993
driveway_obstruct,DRVWAY/ALLEY OBSTRT,null,42.35776492400004,-71.10659658799995
driveway_obstruct,DRVWAY/ALLEY OBSTRT,null,42.361444160000076,-71.10597550799997
driveway_obstruct,DRVWAY/ALLEY OBSTRT,null,42.37561031300004,-71.15153557899998
driveway_obstruct,DRVWAY/ALLEY OBSTRT,null,42.39305585900007,-71.12930345299998
driveway_obstruct,DRVWAY/ALLEY OBSTRT,null,42.36154440900003,-71.10913506499998
driveway_obstruct,DRVWAY/ALLEY OBSTRT,null,42.39497440900004,-71.12616578999996
driveway_obstruct,DRVWAY/ALLEY OBSTRT,null,42.37001713700005,-71.09815957999996
driveway_obstruct,DRVWAY/ALLEY OBSTRT,null,42.38635934800004,-71.12211630499996
driveway_obstruct,DRVWAY/ALLEY OBSTRT,null,42.359105028000045,-71.11312656899997
driveway_obstruct,DRVWAY/ALLEY OBSTRT,null,42.35918453600004,-71.11325562399998
driveway_obstruct,DRVWAY/ALLEY OBSTRT,null,42.38361175800003,-71.11671246999998
driveway_obstruct,DRVWAY/ALLEY OBSTRT,null,42.36679362800004,-71.10600609899996
driveway_obstruct,DRVWAY/ALLEY OBSTRT,null,42.368006405000074,-71.08357745399996
driveway_obstruct,DRVWAY/ALLEY OBSTRT,null,42.36679362800004,-71.10600609899996
driveway_obstruct,DRVWAY/ALLEY OBSTRT,null,42.37070965800007,-71.10349464499996
driveway_obstruct,DRVWAY/ALLEY OBSTRT,null,42.39220086600005,-71.12650801799998
driveway_obstruct,DRVWAY/ALLEY OBSTRT,null,42.36612588100007,-71.10567015299995
driveway_obstruct,DRVWAY/ALLEY OBSTRT,null,42.37230672100003,-71.08959697399996
driveway_obstruct,DRVWAY/ALLEY OBSTRT,null,42.36798220700007,-71.08379408299999
driveway_obstruct,DRVWAY/ALLEY OBSTRT,null,42.38361175800003,-71.11671246999998
driveway_obstruct,DRVWAY/ALLEY OBSTRT,null,42.36989153800005,-71.08234335999998
driveway_obstruct,DRVWAY/ALLEY OBSTRT,null,42.366092465000065,-71.09929803499995
driveway_obstruct,DRVWAY/ALLEY OBSTRT,null,42.36613394700004,-71.11101674099996
driveway_obstruct,DRVWAY/ALLEY OBSTRT,null,42.36530315200008,-71.09375094999996
driveway_obstruct,DRVWAY/ALLEY OBSTRT,null,42.36679362800004,-71.10600609899996
driveway_obstruct,DRVWAY/ALLEY OBSTRT,null,42.36814813600006,-71.10426782599995
driveway_obstruct,DRVWAY/ALLEY OBSTRT,null,42.35896329700006,-71.11390435899995
driveway_obstruct,DRVWAY/ALLEY OBSTRT,null,42.36463482900007,-71.10981375899996
driveway_obstruct,DRVWAY/ALLEY OBSTRT,null,42.373120232000076,-71.09828402699998
driveway_obstruct,DRVWAY/ALLEY OBSTRT,null,42.37105073400005,-71.10218334799998
driveway_obstruct,DRVWAY/ALLEY OBSTRT,null,42.37083871400006,-71.09861703599995
driveway_obstruct,DRVWAY/ALLEY OBSTRT,null,42.373120232000076,-71.09828402699998
driveway_obstruct,DRVWAY/ALLEY OBSTRT,null,42.366820707000045,-71.10156342099998
driveway_obstruct,DRVWAY/ALLEY OBSTRT,null,42.36515566000003,-71.11079434999994
driveway_obstruct,DRVWAY/ALLEY OBSTRT,null,42.358581892000075,-71.11169082599997
driveway_obstruct,DRVWAY/ALLEY OBSTRT,null,42.367716157000075,-71.08128824599999
driveway_obstruct,DRVWAY/ALLEY OBSTRT,null,42.38074603300004,-71.12048849699994
driveway_obstruct,DRVWAY/ALLEY OBSTRT,null,42.36099246600003,-71.11182909999997
driveway_obstruct,DRVWAY/ALLEY OBSTRT,null,42.37477654300005,-71.13163442099994
driveway_obstruct,DRVWAY/ALLEY OBSTRT,null,42.36679362800004,-71.10600609899996
driveway_obstruct,DRVWAY/ALLEY OBSTRT,null,42.37093665800006,-71.10998314399995
driveway_obstruct,DRVWAY/ALLEY OBSTRT,null,42.37439696000007,-71.10571739699998
driveway_obstruct,DRVWAY/ALLEY OBSTRT,null,42.38675507500005,-71.14068255199999
driveway_obstruct,DRVWAY/ALLEY OBSTRT,null,42.36296402000005,-71.11368657799994
driveway_obstruct,DRVWAY/ALLEY OBSTRT,null,42.37194605700006,-71.09788994599995
driveway_obstruct,DRVWAY/ALLEY OBSTRT,null,42.36907572300004,-71.11275092499994
driveway_obstruct,DRVWAY/ALLEY OBSTRT,null,42.37536142000005,-71.10990478899998
driveway_obstruct,DRVWAY/ALLEY OBSTRT,null,42.36222425500006,-71.11083583299995
driveway_obstruct,DRVWAY/ALLEY OBSTRT,null,42.36904576300003,-71.11267141799993
driveway_obstruct,DRVWAY/ALLEY OBSTRT,null,42.37371993100004,-71.09959302799996
driveway_obstruct,DRVWAY/ALLEY OBSTRT,null,42.36631716000005,-71.11230614399994
driveway_obstruct,DRVWAY/ALLEY OBSTRT,null,42.36631716000005,-71.11230614399994
driveway_obstruct,DRVWAY/ALLEY OBSTRT,null,42.36679362800004,-71.10600609899996
driveway_obstruct,DRVWAY/ALLEY OBSTRT,null,42.370991967000066,-71.10625205599996
driveway_obstruct,DRVWAY/ALLEY OBSTRT,null,42.37126160100007,-71.11330171599997
driveway_obstruct,DRVWAY/ALLEY OBSTRT,null,42.361514449000026,-71.11047516799994
driveway_obstruct,DRVWAY/ALLEY OBSTRT,null,42.38017096400006,-71.12905406699997
driveway_obstruct,DRVWAY/ALLEY OBSTRT,null,42.37048726800003,-71.08586588599997
driveway_obstruct,DRVWAY/ALLEY OBSTRT,null,42.37538968200005,-71.12978308799995
driveway_obstruct,DRVWAY/ALLEY OBSTRT,null,42.356172471000036,-71.11072060399994
driveway_obstruct,DRVWAY/ALLEY OBSTRT,null,42.374089301000026,-71.10637650199999
driveway_obstruct,DRVWAY/ALLEY OBSTRT,null,42.36781166900005,-71.08247356799995
driveway_obstruct,DRVWAY/ALLEY OBSTRT,null,42.371436748000065,-71.09634012699996
driveway_obstruct,DRVWAY/ALLEY OBSTRT,null,42.38063887100003,-71.12986576699996
driveway_obstruct,DRVWAY/ALLEY OBSTRT,null,42.37019113100007,-71.10547311299996
driveway_obstruct,DRVWAY/ALLEY OBSTRT,null,42.36679362800004,-71.10600609899996
driveway_obstruct,DRVWAY/ALLEY OBSTRT,null,42.36267710200008,-71.10415029399996
driveway_obstruct,DRVWAY/ALLEY OBSTRT,null,42.37231478700005,-71.11323142699996
driveway_obstruct,DRVWAY/ALLEY OBSTRT,null,42.36516257400007,-71.11470173799995
driveway_obstruct,DRVWAY/ALLEY OBSTRT,null,42.37166950900007,-71.10538669199997
driveway_obstruct,DRVWAY/ALLEY OBSTRT,null,42.36403564200003,-71.10841027899994
driveway_obstruct,DRVWAY/ALLEY OBSTRT,null,42.36830715100007,-71.10609764999998
driveway_obstruct,DRVWAY/ALLEY OBSTRT,null,42.368165420000025,-71.09799019499997
driveway_obstruct,DRVWAY/ALLEY OBSTRT,null,42.37229980700005,-71.10632580199996
driveway_obstruct,DRVWAY/ALLEY OBSTRT,null,42.38579533200004,-71.13016996899995
driveway_obstruct,DRVWAY/ALLEY OBSTRT,null,42.36835324100008,-71.08081371099996
driveway_obstruct,DRVWAY/ALLEY OBSTRT,null,42.36679362800004,-71.10600609899996
driveway_obstruct,DRVWAY/ALLEY OBSTRT,null,42.37912592500004,-71.12665896699997
driveway_obstruct,DRVWAY/ALLEY OBSTRT,null,42.378011668000056,-71.15162660899995
driveway_obstruct,DRVWAY/ALLEY OBSTRT,null,42.36679362800004,-71.10600609899996
driveway_obstruct,DRVWAY/ALLEY OBSTRT,null,42.37231478700005,-71.11323142699996
driveway_obstruct,DRVWAY/ALLEY OBSTRT,null,42.372258325000075,-71.08298518099997
driveway_obstruct,DRVWAY/ALLEY OBSTRT,null,42.37231478700005,-71.11323142699996
driveway_obstruct,DRVWAY/ALLEY OBSTRT,null,42.36803175500006,-71.08419392499997
driveway_obstruct,DRVWAY/ALLEY OBSTRT,null,42.36803175500006,-71.08419392499997
driveway_obstruct,DRVWAY/ALLEY OBSTRT,null,42.39834252800006,-71.12922048899998
driveway_obstruct,DRVWAY/ALLEY OBSTRT,null,42.37054603400003,-71.09014200399997
driveway_obstruct,DRVWAY/ALLEY OBSTRT,null,42.38367167600006,-71.11781174699996
driveway_obstruct,DRVWAY/ALLEY OBSTRT,null,42.366692804000024,-71.11177148499996
driveway_obstruct,DRVWAY/ALLEY OBSTRT,null,42.36063410600008,-71.10647559799997
driveway_obstruct,DRVWAY/ALLEY OBSTRT,null,42.364397379000025,-71.09983362999998
driveway_obstruct,DRVWAY/ALLEY OBSTRT,null,42.38084628100006,-71.11579870999998
driveway_obstruct,DRVWAY/ALLEY OBSTRT,null,42.38167707700006,-71.11802952799997
driveway_obstruct,DRVWAY/ALLEY OBSTRT,null,42.36679362800004,-71.10600609899996
driveway_obstruct,DRVWAY/ALLEY OBSTRT,null,42.40106337800006,-71.13313825399996
driveway_obstruct,DRVWAY/ALLEY OBSTRT,null,42.367756360000044,-71.11389974999997
driveway_obstruct,DRVWAY/ALLEY OBSTRT,null,42.36679362800004,-71.10600609899996
driveway_obstruct,DRVWAY/ALLEY OBSTRT,null,42.37460909400005,-71.12149650899994
driveway_obstruct,DRVWAY/ALLEY OBSTRT,null,42.36864131200008,-71.08545452099997
driveway_obstruct,DRVWAY/ALLEY OBSTRT,null,42.371180636000076,-71.09738765599997
driveway_obstruct,DRVWAY/ALLEY OBSTRT,null,42.38530446000004,-71.12089870999995
driveway_obstruct,DRVWAY/ALLEY OBSTRT,null,42.36679362800004,-71.10600609899996
driveway_obstruct,DRVWAY/ALLEY OBSTRT,null,42.35934124600004,-71.11280162499997
driveway_obstruct,DRVWAY/ALLEY OBSTRT,null,42.365106112000035,-71.09736450599996
driveway_obstruct,DRVWAY/ALLEY OBSTRT,null,42.37198753900003,-71.11025853899997
driveway_obstruct,DRVWAY/ALLEY OBSTRT,null,42.37231478700005,-71.11323142699996
driveway_obstruct,DRVWAY/ALLEY OBSTRT,null,42.36679362800004,-71.10600609899996
driveway_obstruct,DRVWAY/ALLEY OBSTRT,null,42.36003492000003,-71.11063648799995
driveway_obstruct,DRVWAY/ALLEY OBSTRT,null,42.37231478700005,-71.11323142699996
driveway_obstruct,DRVWAY/ALLEY OBSTRT,null,42.387057613000025,-71.12470812999999
driveway_obstruct,DRVWAY/ALLEY OBSTRT,null,42.36514183300005,-71.11434568299995
driveway_obstruct,DRVWAY/ALLEY OBSTRT,null,42.36812278600007,-71.09396181799997
driveway_obstruct,DRVWAY/ALLEY OBSTRT,null,42.38401275200005,-71.12534075599996
driveway_obstruct,DRVWAY/ALLEY OBSTRT,null,42.37315940900004,-71.10553533599995
driveway_obstruct,DRVWAY/ALLEY OBSTRT,null,42.39626075900003,-71.13269319699998
driveway_obstruct,DRVWAY/ALLEY OBSTRT,null,42.37644475900004,-71.12667622499998
driveway_obstruct,DRVWAY/ALLEY OBSTRT,null,42.37543017300004,-71.12993117199994
driveway_obstruct,DRVWAY/ALLEY OBSTRT,null,42.37053220700005,-71.09028949599997
driveway_obstruct,DRVWAY/ALLEY OBSTRT,null,42.36378444500008,-71.10783529099996
driveway_obstruct,DRVWAY/ALLEY OBSTRT,null,42.39448699400003,-71.13318779499997
driveway_obstruct,DRVWAY/ALLEY OBSTRT,null,42.36681609800007,-71.09958264799997
driveway_obstruct,DRVWAY/ALLEY OBSTRT,null,42.356172471000036,-71.11072060399994
driveway_obstruct,DRVWAY/ALLEY OBSTRT,null,42.391636248000054,-71.13057441999996
driveway_obstruct,DRVWAY/ALLEY OBSTRT,null,42.36597378000005,-71.11098678199994
driveway_obstruct,DRVWAY/ALLEY OBSTRT,null,42.35919664100004,-71.09672916299996
driveway_obstruct,DRVWAY/ALLEY OBSTRT,null,42.38255165800007,-71.11573072599998
driveway_obstruct,DRVWAY/ALLEY OBSTRT,null,42.38193518800006,-71.13161147399995
driveway_obstruct,DRVWAY/ALLEY OBSTRT,null,42.36597378000005,-71.11098678199994
driveway_obstruct,DRVWAY/ALLEY OBSTRT,null,42.36679362800004,-71.10600609899996
driveway_obstruct,DRVWAY/ALLEY OBSTRT,null,42.37403860000006,-71.10046529599998
driveway_obstruct,DRVWAY/ALLEY OBSTRT,null,42.36353143500003,-71.09847783199996
driveway_obstruct,DRVWAY/ALLEY OBSTRT,null,42.365428751000024,-71.11489647399998
driveway_obstruct,DRVWAY/ALLEY OBSTRT,null,42.38366361000004,-71.13375241299997
driveway_obstruct,DRVWAY/ALLEY OBSTRT,null,42.371072627000046,-71.11416131799996
driveway_obstruct,DRVWAY/ALLEY OBSTRT,null,42.37317669400005,-71.10023023099995
driveway_obstruct,DRVWAY/ALLEY OBSTRT,null,42.356493958000044,-71.10653551699994
driveway_obstruct,DRVWAY/ALLEY OBSTRT,null,42.37606085500005,-71.10974462199994
driveway_obstruct,DRVWAY/ALLEY OBSTRT,null,42.37957992400004,-71.12466667099994
driveway_obstruct,DRVWAY/ALLEY OBSTRT,null,42.37123855600004,-71.08629568699996
driveway_obstruct,DRVWAY/ALLEY OBSTRT,null,42.364937876000056,-71.09653657699994
driveway_obstruct,DRVWAY/ALLEY OBSTRT,null,42.38225321700003,-71.13415225499995
driveway_obstruct,DRVWAY/ALLEY OBSTRT,null,42.39398575100006,-71.12644003299994
driveway_obstruct,DRVWAY/ALLEY OBSTRT,null,42.37048611600005,-71.08996224799995
driveway_obstruct,DRVWAY/ALLEY OBSTRT,null,42.37692360200003,-71.12781125899994
driveway_obstruct,DRVWAY/ALLEY OBSTRT,null,42.37198753900003,-71.11025853899997
driveway_obstruct,DRVWAY/ALLEY OBSTRT,null,42.37539319900003,-71.12980017199999
driveway_obstruct,DRVWAY/ALLEY OBSTRT,null,42.36515220300004,-71.11458190099995
driveway_obstruct,DRVWAY/ALLEY OBSTRT,null,42.36679362800004,-71.10600609899996
driveway_obstruct,DRVWAY/ALLEY OBSTRT,null,42.36679362800004,-71.10600609899996
driveway_obstruct,DRVWAY/ALLEY OBSTRT,null,42.36679362800004,-71.10600609899996
driveway_obstruct,DRVWAY/ALLEY OBSTRT,null,42.36679362800004,-71.10600609899996
driveway_obstruct,DRVWAY/ALLEY OBSTRT,null,42.36679362800004,-71.10600609899996
driveway_obstruct,DRVWAY/ALLEY OBSTRT,null,42.36679362800004,-71.10600609899996
driveway_obstruct,DRVWAY/ALLEY OBSTRT,null,42.36679362800004,-71.10600609899996
driveway_obstruct,DRVWAY/ALLEY OBSTRT,null,42.36679362800004,-71.10600609899996
driveway_obstruct,DRVWAY/ALLEY OBSTRT,null,42.36679362800004,-71.10600609899996
driveway_obstruct,DRVWAY/ALLEY OBSTRT,null,42.36679362800004,-71.10600609899996
driveway_obstruct,DRVWAY/ALLEY OBSTRT,null,42.36679362800004,-71.10600609899996
driveway_obstruct,DRVWAY/ALLEY OBSTRT,null,42.36679362800004,-71.10600609899996
driveway_obstruct,DRVWAY/ALLEY OBSTRT,null,42.36679362800004,-71.10600609899996
driveway_obstruct,DRVWAY/ALLEY OBSTRT,null,42.36679362800004,-71.10600609899996
driveway_obstruct,DRVWAY/ALLEY OBSTRT,null,42.36679362800004,-71.10600609899996
driveway_obstruct,DRVWAY/ALLEY OBSTRT,null,42.36679362800004,-71.10600609899996
driveway_obstruct,DRVWAY/ALLEY OBSTRT,null,42.36679362800004,-71.10600609899996
driveway_obstruct,DRVWAY/ALLEY OBSTRT,null,42.36679362800004,-71.10600609899996
driveway_obstruct,DRVWAY/ALLEY OBSTRT,null,42.36679362800004,-71.10600609899996
driveway_obstruct,DRVWAY/ALLEY OBSTRT,null,42.36679362800004,-71.10600609899996
driveway_obstruct,DRVWAY/ALLEY OBSTRT,null,42.36679362800004,-71.10600609899996
driveway_obstruct,DRVWAY/ALLEY OBSTRT,null,42.36679362800004,-71.10600609899996
driveway_obstruct,DRVWAY/ALLEY OBSTRT,null,42.36679362800004,-71.10600609899996
driveway_obstruct,DRVWAY/ALLEY OBSTRT,null,42.36679362800004,-71.10600609899996
driveway_obstruct,DRVWAY/ALLEY OBSTRT,null,42.36679362800004,-71.10600609899996
driveway_obstruct,DRVWAY/ALLEY OBSTRT,null,42.36679362800004,-71.10600609899996
driveway_obstruct,DRVWAY/ALLEY OBSTRT,null,42.36679362800004,-71.10600609899996
driveway_obstruct,DRVWAY/ALLEY OBSTRT,null,42.36679362800004,-71.10600609899996
driveway_obstruct,DRVWAY/ALLEY OBSTRT,null,42.36679362800004,-71.10600609899996
driveway_obstruct,DRVWAY/ALLEY OBSTRT,null,42.36679362800004,-71.10600609899996
driveway_obstruct,DRVWAY/ALLEY OBSTRT,null,42.36679362800004,-71.10600609899996
driveway_obstruct,DRVWAY/ALLEY OBSTRT,null,42.36679362800004,-71.10600609899996
driveway_obstruct,DRVWAY/ALLEY OBSTRT,null,42.36679362800004,-71.10600609899996
driveway_obstruct,DRVWAY/ALLEY OBSTRT,null,42.36655337800005,-71.10871448199998
driveway_obstruct,DRVWAY/ALLEY OBSTRT,null,42.38164711700006,-71.11735889999994
driveway_obstruct,DRVWAY/ALLEY OBSTRT,null,42.37016546400008,-71.10289440999998
driveway_obstruct,DRVWAY/ALLEY OBSTRT,null,42.36111691200006,-71.10646983699996
driveway_obstruct,DRVWAY/ALLEY OBSTRT,null,42.37457491500004,-71.11239867299997
driveway_obstruct,DRVWAY/ALLEY OBSTRT,null,42.373471678000044,-71.09910329899998
driveway_obstruct,DRVWAY/ALLEY OBSTRT,null,42.36802714600003,-71.10528874799996
driveway_obstruct,DRVWAY/ALLEY OBSTRT,null,42.37083064800004,-71.09854328999995
driveway_obstruct,DRVWAY/ALLEY OBSTRT,null,42.37460909400005,-71.12149650899994
driveway_obstruct,DRVWAY/ALLEY OBSTRT,null,42.38640258400005,-71.12033754799995
driveway_obstruct,DRVWAY/ALLEY OBSTRT,null,42.36679362800004,-71.10600609899996
driveway_obstruct,DRVWAY/ALLEY OBSTRT,null,42.37220647200007,-71.08322715999998
driveway_obstruct,DRVWAY/ALLEY OBSTRT,null,42.36999010100004,-71.10384244299996
driveway_obstruct,DRVWAY/ALLEY OBSTRT,null,42.36981664000007,-71.08691676699993
driveway_obstruct,DRVWAY/ALLEY OBSTRT,null,42.363474481000026,-71.10491540899994
driveway_obstruct,DRVWAY/ALLEY OBSTRT,null,42.371072627000046,-71.11416131799996
driveway_obstruct,DRVWAY/ALLEY OBSTRT,null,42.38017096400006,-71.12905406699997
driveway_obstruct,DRVWAY/ALLEY OBSTRT,null,42.36215166100004,-71.10544200099997
driveway_obstruct,DRVWAY/ALLEY OBSTRT,null,42.36842929300008,-71.11354715199997
driveway_obstruct,DRVWAY/ALLEY OBSTRT,null,42.40134537500006,-71.13219913699999
driveway_obstruct,DRVWAY/ALLEY OBSTRT,null,42.38302639900007,-71.11513038699997
driveway_obstruct,DRVWAY/ALLEY OBSTRT,null,42.36679362800004,-71.10600609899996
driveway_obstruct,DRVWAY/ALLEY OBSTRT,null,42.37451679700007,-71.12707839699993
driveway_obstruct,DRVWAY/ALLEY OBSTRT,null,42.387235684000075,-71.12557005999997
driveway_obstruct,DRVWAY/ALLEY OBSTRT,null,42.372536025000045,-71.10906938499994
driveway_obstruct,DRVWAY/ALLEY OBSTRT,null,42.36572503300005,-71.10837782099998
driveway_obstruct,DRVWAY/ALLEY OBSTRT,null,42.37518961500007,-71.11176177999994
driveway_obstruct,DRVWAY/ALLEY OBSTRT,null,42.37311677500003,-71.08951746699995
driveway_obstruct,DRVWAY/ALLEY OBSTRT,null,42.384209792000036,-71.13212539099999
driveway_obstruct,DRVWAY/ALLEY OBSTRT,null,42.37070735400005,-71.08581633799997
driveway_obstruct,DRVWAY/ALLEY OBSTRT,null,42.37644475900004,-71.12667622499998
driveway_obstruct,DRVWAY/ALLEY OBSTRT,null,42.39448699400003,-71.13318779499997
driveway_obstruct,DRVWAY/ALLEY OBSTRT,null,42.37108991100007,-71.09836353399999
driveway_obstruct,DRVWAY/ALLEY OBSTRT,null,42.36827719100006,-71.09492742999998
driveway_obstruct,DRVWAY/ALLEY OBSTRT,null,42.37451679700007,-71.12707839699993
driveway_obstruct,DRVWAY/ALLEY OBSTRT,null,42.372112593000054,-71.08412230499994
driveway_obstruct,DRVWAY/ALLEY OBSTRT,null,42.36679362800004,-71.10600609899996
driveway_obstruct,DRVWAY/ALLEY OBSTRT,null,42.38937201500005,-71.12792532399999
driveway_obstruct,DRVWAY/ALLEY OBSTRT,null,42.36937762000008,-71.08195619399999
driveway_obstruct,DRVWAY/ALLEY OBSTRT,null,42.39238523100005,-71.12175946399998
driveway_obstruct,DRVWAY/ALLEY OBSTRT,null,42.36815735400006,-71.10623822799994
driveway_obstruct,DRVWAY/ALLEY OBSTRT,null,42.372048610000036,-71.11165740999996
driveway_obstruct,DRVWAY/ALLEY OBSTRT,null,42.367721792000054,-71.08175454399998
driveway_obstruct,DRVWAY/ALLEY OBSTRT,null,42.36797759800004,-71.09503689699994
driveway_obstruct,DRVWAY/ALLEY OBSTRT,null,42.37166044600008,-71.11276929199994
driveway_obstruct,DRVWAY/ALLEY OBSTRT,0,42.37571401800005,-71.13042462299995
driveway_obstruct,DRVWAY/ALLEY OBSTRT,null,42.37160613400005,-71.09584118899994
driveway_obstruct,DRVWAY/ALLEY OBSTRT,null,42.37077303400008,-71.09059024099997
driveway_obstruct,DRVWAY/ALLEY OBSTRT,null,42.371270819000074,-71.09823332599996
driveway_obstruct,DRVWAY/ALLEY OBSTRT,null,42.36566381600005,-71.10714507399996
driveway_obstruct,DRVWAY/ALLEY OBSTRT,null,42.37166029100007,-71.10278483999997
driveway_obstruct,DRVWAY/ALLEY OBSTRT,null,42.37389802200005,-71.09671692399996
driveway_obstruct,DRVWAY/ALLEY OBSTRT,null,42.39255807400008,-71.12006445799994
driveway_obstruct,DRVWAY/ALLEY OBSTRT,null,42.369756721000044,-71.09531920599994
driveway_obstruct,DRVWAY/ALLEY OBSTRT,null,42.376496418000045,-71.11482618499997
driveway_obstruct,DRVWAY/ALLEY OBSTRT,null,42.36429634800004,-71.09407867699997
driveway_obstruct,DRVWAY/ALLEY OBSTRT,null,42.376620864000074,-71.10961556599995
driveway_obstruct,DRVWAY/ALLEY OBSTRT,null,42.36301203200003,-71.11362024599998
driveway_obstruct,DRVWAY/ALLEY OBSTRT,null,42.37088826200005,-71.11099830399996
driveway_obstruct,DRVWAY/ALLEY OBSTRT,null,42.366290657000036,-71.10052406299997
driveway_obstruct,DRVWAY/ALLEY OBSTRT,null,42.38144316300003,-71.11635756699997
driveway_obstruct,DRVWAY/ALLEY OBSTRT,null,42.38144316300003,-71.11635756699997
driveway_obstruct,DRVWAY/ALLEY OBSTRT,null,42.38144316300003,-71.11635756699997
driveway_obstruct,DRVWAY/ALLEY OBSTRT,null,42.38144316300003,-71.11635756699997
driveway_obstruct,DRVWAY/ALLEY OBSTRT,null,42.38144316300003,-71.11635756699997
driveway_obstruct,DRVWAY/ALLEY OBSTRT,null,42.38144316300003,-71.11635756699997
driveway_obstruct,DRVWAY/ALLEY OBSTRT,null,42.38144316300003,-71.11635756699997
driveway_obstruct,DRVWAY/ALLEY OBSTRT,null,42.38144316300003,-71.11635756699997
driveway_obstruct,DRVWAY/ALLEY OBSTRT,null,42.38144316300003,-71.11635756699997
driveway_obstruct,DRVWAY/ALLEY OBSTRT,null,42.38144316300003,-71.11635756699997
driveway_obstruct,DRVWAY/ALLEY OBSTRT,null,42.38144316300003,-71.11635756699997
driveway_obstruct,DRVWAY/ALLEY OBSTRT,null,42.358971,-71.112853
driveway_obstruct,DRVWAY/ALLEY OBSTRT,null,42.373135,-71.098323
driveway_obstruct,DRVWAY/ALLEY OBSTRT,null,42.371675,-71.105352
driveway_obstruct,DRVWAY/ALLEY OBSTRT,null,42.370656,-71.097093
driveway_obstruct,DRVWAY/ALLEY OBSTRT,null,42.369652,-71.109174
driveway_obstruct,DRVWAY/ALLEY OBSTRT,null,42.372733,-71.112989
driveway_obstruct,DRVWAY/ALLEY OBSTRT,null,42.37079,-71.111036
driveway_obstruct,DRVWAY/ALLEY OBSTRT,null,42.372428,-71.0829
driveway_obstruct,DRVWAY/ALLEY OBSTRT,null,42.372731,-71.103075
driveway_obstruct,DRVWAY/ALLEY OBSTRT,null,42.369441,-71.0956
driveway_obstruct,DRVWAY/ALLEY OBSTRT,null,42.364183,-71.10979
driveway_obstruct,DRVWAY/ALLEY OBSTRT,null,42.38417,-71.114617
driveway_obstruct,DRVWAY/ALLEY OBSTRT,null,42.374109,-71.095656
driveway_obstruct,DRVWAY/ALLEY OBSTRT,null,42.368287,-71.113516
driveway_obstruct,DRVWAY/ALLEY OBSTRT,null,42.393733,-71.132084
driveway_obstruct,DRVWAY/ALLEY OBSTRT,null,42.372367,-71.11414
driveway_obstruct,DRVWAY/ALLEY OBSTRT,null,42.363884,-71.097011
driveway_obstruct,DRVWAY/ALLEY OBSTRT,null,42.366131,-71.110079
driveway_obstruct,DRVWAY/ALLEY OBSTRT,null,42.368892,-71.112355
driveway_obstruct,DRVWAY/ALLEY OBSTRT,null,42.383681,-71.133752
driveway_obstruct,DRVWAY/ALLEY OBSTRT,null,42.373349,-71.09517
driveway_obstruct,DRVWAY/ALLEY OBSTRT,null,42.369705,-71.095922
driveway_obstruct,DRVWAY/ALLEY OBSTRT,null,42.370072,-71.096373
driveway_obstruct,DRVWAY/ALLEY OBSTRT,null,42.373474,-71.09883
driveway_obstruct,DRVWAY/ALLEY OBSTRT,null,42.376411,-71.108432
driveway_obstruct,DRVWAY/ALLEY OBSTRT,null,42.370485,-71.098848
driveway_obstruct,DRVWAY/ALLEY OBSTRT,null,42.397907,-71.13075
driveway_obstruct,DRVWAY/ALLEY OBSTRT,null,42.397907,-71.13075
driveway_obstruct,DRVWAY/ALLEY OBSTRT,null,42.397907,-71.13075
driveway_obstruct,DRVWAY/ALLEY OBSTRT,null,42.397907,-71.13075
driveway_obstruct,DRVWAY/ALLEY OBSTRT,null,42.397907,-71.13075
driveway_obstruct,DRVWAY/ALLEY OBSTRT,null,42.394647,-71.143084
driveway_obstruct,DRVWAY/ALLEY OBSTRT,null,42.381802,-71.131815
driveway_obstruct,DRVWAY/ALLEY OBSTRT,null,42.368438,-71.083841
driveway_obstruct,DRVWAY/ALLEY OBSTRT,null,42.371186,-71.108001
driveway_obstruct,DRVWAY/ALLEY OBSTRT,null,42.370136,-71.104341
driveway_obstruct,DRVWAY/ALLEY OBSTRT,null,42.390766,-71.120291
driveway_obstruct,DRVWAY/ALLEY OBSTRT,null,42.371151,-71.107893
driveway_obstruct,DRVWAY/ALLEY OBSTRT,null,42.382697,-71.140639
driveway_obstruct,DRVWAY/ALLEY OBSTRT,null,42.386332,-71.121381
driveway_obstruct,DRVWAY/ALLEY OBSTRT,null,42.375161,-71.126116
driveway_obstruct,DRVWAY/ALLEY OBSTRT,null,42.355238,-71.110683
driveway_obstruct,DRVWAY/ALLEY OBSTRT,null,42.368855,-71.084911
driveway_obstruct,DRVWAY/ALLEY OBSTRT,null,42.374611,-71.126349
driveway_obstruct,DRVWAY/ALLEY OBSTRT,null,42.384901,-71.137547
driveway_obstruct,DRVWAY/ALLEY OBSTRT,null,42.357704,-71.106556
driveway_obstruct,DRVWAY/ALLEY OBSTRT,null,42.383757,-71.118775
driveway_obstruct,DRVWAY/ALLEY OBSTRT,null,42.364518,-71.106603
driveway_obstruct,DRVWAY/ALLEY OBSTRT,null,42.391249,-71.11958
driveway_obstruct,DRVWAY/ALLEY OBSTRT,null,42.369827,-71.086992
driveway_obstruct,DRVWAY/ALLEY OBSTRT,null,42.358618,-71.11227
driveway_obstruct,DRVWAY/ALLEY OBSTRT,null,42.368577,-71.107001
driveway_obstruct,DRVWAY/ALLEY OBSTRT,null,42.371422,-71.106338
driveway_obstruct,DRVWAY/ALLEY OBSTRT,null,42.395124,-71.136278
driveway_obstruct,DRVWAY/ALLEY OBSTRT,null,42.369678,-71.11218
driveway_obstruct,DRVWAY/ALLEY OBSTRT,null,42.363186,-71.102952
driveway_obstruct,DRVWAY/ALLEY OBSTRT,null,42.364376,-71.100691
driveway_obstruct,DRVWAY/ALLEY OBSTRT,null,42.368544,-71.107035
driveway_obstruct,DRVWAY/ALLEY OBSTRT,null,42.396974,-71.13531
driveway_obstruct,DRVWAY/ALLEY OBSTRT,null,42.386701,-71.117087
driveway_obstruct,DRVWAY/ALLEY OBSTRT,null,42.369267,-71.108013
driveway_obstruct,DRVWAY/ALLEY OBSTRT,null,42.367736,-71.114414
driveway_obstruct,DRVWAY/ALLEY OBSTRT,null,42.368321,-71.106112
driveway_obstruct,DRVWAY/ALLEY OBSTRT,null,42.368838,-71.084786
driveway_obstruct,DRVWAY/ALLEY OBSTRT,null,42.379166,-71.119957
driveway_obstruct,DRVWAY/ALLEY OBSTRT,null,42.37087,-71.113938
driveway_obstruct,DRVWAY/ALLEY OBSTRT,null,42.368635,-71.106943
driveway_obstruct,DRVWAY/ALLEY OBSTRT,null,42.371972,-71.08166
driveway_obstruct,DRVWAY/ALLEY OBSTRT,null,42.368,-71.078222
driveway_obstruct,DRVWAY/ALLEY OBSTRT,null,42.368,-71.078222
driveway_obstruct,DRVWAY/ALLEY OBSTRT,null,42.368,-71.078222
driveway_obstruct,DRVWAY/ALLEY OBSTRT,null,42.368,-71.078222
driveway_obstruct,DRVWAY/ALLEY OBSTRT,null,42.368,-71.078222
driveway_obstruct,DRVWAY/ALLEY OBSTRT,null,42.368,-71.078222
driveway_obstruct,DRVWAY/ALLEY OBSTRT,null,42.368,-71.078222
driveway_obstruct,DRVWAY/ALLEY OBSTRT,null,42.368,-71.078222
driveway_obstruct,DRVWAY/ALLEY OBSTRT,null,42.368,-71.078222
driveway_obstruct,DRVWAY/ALLEY OBSTRT,null,42.368,-71.078222
driveway_obstruct,DRVWAY/ALLEY OBSTRT,null,42.368,-71.078222
driveway_obstruct,DRVWAY/ALLEY OBSTRT,null,42.368,-71.078222
driveway_obstruct,DRVWAY/ALLEY OBSTRT,null,42.368,-71.078222
driveway_obstruct,DRVWAY/ALLEY OBSTRT,null,42.368,-71.078222
driveway_obstruct,DRVWAY/ALLEY OBSTRT,null,42.368,-71.078222
driveway_obstruct,DRVWAY/ALLEY OBSTRT,null,42.368,-71.078222
driveway_obstruct,DRVWAY/ALLEY OBSTRT,null,42.368,-71.078222
driveway_obstruct,DRVWAY/ALLEY OBSTRT,null,42.368,-71.078222
driveway_obstruct,DRVWAY/ALLEY OBSTRT,null,42.368,-71.078222
driveway_obstruct,DRVWAY/ALLEY OBSTRT,null,42.368,-71.078222
driveway_obstruct,DRVWAY/ALLEY OBSTRT,null,42.368,-71.078222
driveway_obstruct,DRVWAY/ALLEY OBSTRT,null,42.368,-71.078222
driveway_obstruct,DRVWAY/ALLEY OBSTRT,null,42.368,-71.078222
driveway_obstruct,DRVWAY/ALLEY OBSTRT,null,42.368,-71.078222
driveway_obstruct,DRVWAY/ALLEY OBSTRT,null,42.368,-71.078222
driveway_obstruct,DRVWAY/ALLEY OBSTRT,null,42.368,-71.078222
driveway_obstruct,DRVWAY/ALLEY OBSTRT,null,42.368,-71.078222
driveway_obstruct,DRVWAY/ALLEY OBSTRT,null,42.368,-71.078222
driveway_obstruct,DRVWAY/ALLEY OBSTRT,null,42.368,-71.078222
driveway_obstruct,DRVWAY/ALLEY OBSTRT,null,42.368,-71.078222
driveway_obstruct,DRVWAY/ALLEY OBSTRT,null,42.368,-71.078222
driveway_obstruct,DRVWAY/ALLEY OBSTRT,null,42.368,-71.078222
driveway_obstruct,DRVWAY/ALLEY OBSTRT,null,42.368,-71.078222
driveway_obstruct,DRVWAY/ALLEY OBSTRT,null,42.368,-71.078222
driveway_obstruct,DRVWAY/ALLEY OBSTRT,null,42.368,-71.078222
driveway_obstruct,DRVWAY/ALLEY OBSTRT,null,42.368,-71.078222
driveway_obstruct,DRVWAY/ALLEY OBSTRT,null,42.368,-71.078222
driveway_obstruct,DRVWAY/ALLEY OBSTRT,null,42.368,-71.078222
driveway_obstruct,DRVWAY/ALLEY OBSTRT,null,42.368,-71.078222
driveway_obstruct,DRVWAY/ALLEY OBSTRT,null,42.368,-71.078222
driveway_obstruct,DRVWAY/ALLEY OBSTRT,null,42.368,-71.078222
driveway_obstruct,DRVWAY/ALLEY OBSTRT,null,42.368,-71.078222
driveway_obstruct,DRVWAY/ALLEY OBSTRT,null,42.368,-71.078222
driveway_obstruct,DRVWAY/ALLEY OBSTRT,null,42.368,-71.078222
driveway_obstruct,DRVWAY/ALLEY OBSTRT,null,42.368,-71.078222
driveway_obstruct,DRVWAY/ALLEY OBSTRT,null,42.368,-71.078222
driveway_obstruct,DRVWAY/ALLEY OBSTRT,null,42.368,-71.078222
driveway_obstruct,DRVWAY/ALLEY OBSTRT,null,42.368,-71.078222
driveway_obstruct,DRVWAY/ALLEY OBSTRT,null,42.368,-71.078222
driveway_obstruct,DRVWAY/ALLEY OBSTRT,null,42.368,-71.078222
driveway_obstruct,DRVWAY/ALLEY OBSTRT,null,42.368,-71.078222
driveway_obstruct,DRVWAY/ALLEY OBSTRT,null,42.368,-71.078222
driveway_obstruct,DRVWAY/ALLEY OBSTRT,null,42.368,-71.078222
driveway_obstruct,DRVWAY/ALLEY OBSTRT,null,42.368,-71.078222
driveway_obstruct,DRVWAY/ALLEY OBSTRT,null,42.368,-71.078222
driveway_obstruct,DRVWAY/ALLEY OBSTRT,null,42.368,-71.078222
driveway_obstruct,DRVWAY/ALLEY OBSTRT,null,42.368,-71.078222
driveway_obstruct,DRVWAY/ALLEY OBSTRT,null,42.368,-71.078222
driveway_obstruct,DRVWAY/ALLEY OBSTRT,null,42.368,-71.078222
driveway_obstruct,DRVWAY/ALLEY OBSTRT,null,42.368,-71.078222
driveway_obstruct,DRVWAY/ALLEY OBSTRT,null,42.368,-71.078222
driveway_obstruct,DRVWAY/ALLEY OBSTRT,null,42.374574,-71.126365
driveway_obstruct,DRVWAY/ALLEY OBSTRT,null,42.358686,-71.112383
driveway_obstruct,DRVWAY/ALLEY OBSTRT,null,42.368623,-71.106955
driveway_obstruct,DRVWAY/ALLEY OBSTRT,null,42.371378,-71.093791
driveway_obstruct,DRVWAY/ALLEY OBSTRT,null,42.3863,-71.121657
driveway_obstruct,DRVWAY/ALLEY OBSTRT,null,42.368332,-71.079187
driveway_obstruct,DRVWAY/ALLEY OBSTRT,null,42.370507,-71.097838
driveway_obstruct,DRVWAY/ALLEY OBSTRT,null,42.370507,-71.097838
driveway_obstruct,DRVWAY/ALLEY OBSTRT,null,42.370251,-71.084939
driveway_obstruct,DRVWAY/ALLEY OBSTRT,null,42.371122,-71.098383
driveway_obstruct,DRVWAY/ALLEY OBSTRT,null,42.383223,-71.130044
driveway_obstruct,DRVWAY/ALLEY OBSTRT,null,42.365573,-71.106939
driveway_obstruct,DRVWAY/ALLEY OBSTRT,null,42.369441,-71.107558
driveway_obstruct,DRVWAY/ALLEY OBSTRT,null,42.373098,-71.107151
driveway_obstruct,DRVWAY/ALLEY OBSTRT,null,42.395124,-71.136278
driveway_obstruct,DRVWAY/ALLEY OBSTRT,null,42.383705,-71.126215
driveway_obstruct,DRVWAY/ALLEY OBSTRT,null,42.368463,-71.113513
driveway_obstruct,DRVWAY/ALLEY OBSTRT,null,42.367193,-71.109831
driveway_obstruct,DRVWAY/ALLEY OBSTRT,null,42.371003,-71.114109
driveway_obstruct,DRVWAY/ALLEY OBSTRT,null,42.373926,-71.095763
driveway_obstruct,DRVWAY/ALLEY OBSTRT,null,42.368164,-71.10832
driveway_obstruct,DRVWAY/ALLEY OBSTRT,null,42.371122,-71.098383
driveway_obstruct,DRVWAY/ALLEY OBSTRT,null,42.377382,-71.108188
driveway_obstruct,DRVWAY/ALLEY OBSTRT,null,42.372093,-71.085439
driveway_obstruct,DRVWAY/ALLEY OBSTRT,null,42.36226,-71.107642
driveway_obstruct,DRVWAY/ALLEY OBSTRT,null,42.368461,-71.107117
driveway_obstruct,DRVWAY/ALLEY OBSTRT,null,42.369899,-71.106374
driveway_obstruct,DRVWAY/ALLEY OBSTRT,null,42.367957,-71.097569
driveway_obstruct,DRVWAY/ALLEY OBSTRT,null,42.370717,-71.111085
driveway_obstruct,DRVWAY/ALLEY OBSTRT,null,42.368056,-71.095052
driveway_obstruct,DRVWAY/ALLEY OBSTRT,null,42.379319,-71.123252
driveway_obstruct,DRVWAY/ALLEY OBSTRT,null,42.370798,-71.08576
driveway_obstruct,DRVWAY/ALLEY OBSTRT,null,42.366195,-71.102057
driveway_obstruct,DRVWAY/ALLEY OBSTRT,null,42.364013,-71.104319
driveway_obstruct,DRVWAY/ALLEY OBSTRT,null,42.368005,-71.111832
driveway_obstruct,DRVWAY/ALLEY OBSTRT,null,42.366309,-71.111013
driveway_obstruct,DRVWAY/ALLEY OBSTRT,null,42.378503,-71.1323
driveway_obstruct,DRVWAY/ALLEY OBSTRT,null,42.367891,-71.082799
driveway_obstruct,DRVWAY/ALLEY OBSTRT,null,42.363331,-71.098228
driveway_obstruct,DRVWAY/ALLEY OBSTRT,null,42.376027,-71.128
driveway_obstruct,DRVWAY/ALLEY OBSTRT,null,42.358066,-71.112905
driveway_obstruct,DRVWAY/ALLEY OBSTRT,null,42.383654,-71.120513
driveway_obstruct,DRVWAY/ALLEY OBSTRT,null,42.382556,-71.12055
driveway_obstruct,DRVWAY/ALLEY OBSTRT,null,42.38054,-71.14233
driveway_obstruct,DRVWAY/ALLEY OBSTRT,null,42.374854,-71.121123
driveway_obstruct,DRVWAY/ALLEY OBSTRT,null,42.372418,-71.109956
driveway_obstruct,DRVWAY/ALLEY OBSTRT,null,42.369376,-71.081921
driveway_obstruct,DRVWAY/ALLEY OBSTRT,null,42.381633,-71.117959
driveway_obstruct,DRVWAY/ALLEY OBSTRT,null,42.369441,-71.107558
driveway_obstruct,DRVWAY/ALLEY OBSTRT,null,42.370507,-71.097838
driveway_obstruct,DRVWAY/ALLEY OBSTRT,null,42.362623,-71.109597
driveway_obstruct,DRVWAY/ALLEY OBSTRT,null,42.371393,-71.106264
driveway_obstruct,DRVWAY/ALLEY OBSTRT,null,42.367731,-71.114
driveway_obstruct,DRVWAY/ALLEY OBSTRT,null,42.385034,-71.12171
driveway_obstruct,DRVWAY/ALLEY OBSTRT,null,42.368132,-71.084733
driveway_obstruct,DRVWAY/ALLEY OBSTRT,null,42.373797,-71.099085
driveway_obstruct,DRVWAY/ALLEY OBSTRT,null,42.365162,-71.114635
driveway_obstruct,DRVWAY/ALLEY OBSTRT,null,42.366856,-71.092474
driveway_obstruct,DRVWAY/ALLEY OBSTRT,null,42.369636,-71.093475
driveway_obstruct,DRVWAY/ALLEY OBSTRT,null,42.395754,-71.132864
driveway_obstruct,DRVWAY/ALLEY OBSTRT,null,42.369771,-71.078861
driveway_obstruct,DRVWAY/ALLEY OBSTRT,null,42.382196,-71.119629
driveway_obstruct,DRVWAY/ALLEY OBSTRT,null,42.373245,-71.107032
driveway_obstruct,DRVWAY/ALLEY OBSTRT,null,42.388665,-71.123867
driveway_obstruct,DRVWAY/ALLEY OBSTRT,null,42.367844,-71.082395
driveway_obstruct,DRVWAY/ALLEY OBSTRT,null,42.369408,-71.08377
driveway_obstruct,DRVWAY/ALLEY OBSTRT,null,42.375731,-71.128692
driveway_obstruct,DRVWAY/ALLEY OBSTRT,null,42.370023,-71.083112
driveway_obstruct,DRVWAY/ALLEY OBSTRT,null,42.370391,-71.080531
driveway_obstruct,DRVWAY/ALLEY OBSTRT,null,42.368656,-71.109392
driveway_obstruct,DRVWAY/ALLEY OBSTRT,null,42.372264,-71.139328
driveway_obstruct,DRVWAY/ALLEY OBSTRT,null,42.373954,-71.102609
driveway_obstruct,DRVWAY/ALLEY OBSTRT,null,42.374185,-71.095611
driveway_obstruct,DRVWAY/ALLEY OBSTRT,null,42.386695,-71.116944
driveway_obstruct,DRVWAY/ALLEY OBSTRT,null,42.369408,-71.08377
driveway_obstruct,DRVWAY/ALLEY OBSTRT,null,42.379937,-71.123685
driveway_obstruct,DRVWAY/ALLEY OBSTRT,0,42.394737,-71.132118
driveway_obstruct,DRVWAY/ALLEY OBSTRT,null,42.363231,-71.105684
driveway_obstruct,DRVWAY/ALLEY OBSTRT,null,42.37908,-71.123913
driveway_obstruct,DRVWAY/ALLEY OBSTRT,null,42.369408,-71.08377
driveway_obstruct,DRVWAY/ALLEY OBSTRT,null,42.364315,-71.097365
driveway_obstruct,DRVWAY/ALLEY OBSTRT,null,42.36899,-71.112624
driveway_obstruct,DRVWAY/ALLEY OBSTRT,null,42.364194,-71.093893
driveway_obstruct,DRVWAY/ALLEY OBSTRT,null,42.389006,-71.125358
driveway_obstruct,DRVWAY/ALLEY OBSTRT,null,42.379937,-71.123685
driveway_obstruct,DRVWAY/ALLEY OBSTRT,null,42.364393,-71.100675
driveway_obstruct,DRVWAY/ALLEY OBSTRT,null,42.368156,-71.084905
driveway_obstruct,DRVWAY/ALLEY OBSTRT,null,42.367065,-71.123827
driveway_obstruct,DRVWAY/ALLEY OBSTRT,null,42.368466,-71.094897
driveway_obstruct,DRVWAY/ALLEY OBSTRT,null,42.366232,-71.093209
driveway_obstruct,DRVWAY/ALLEY OBSTRT,null,42.371117,-71.086289
driveway_obstruct,DRVWAY/ALLEY OBSTRT,null,42.369408,-71.08377
driveway_obstruct,DRVWAY/ALLEY OBSTRT,null,42.373907,-71.125736
driveway_obstruct,DRVWAY/ALLEY OBSTRT,null,42.365476,-71.114926
driveway_obstruct,DRVWAY/ALLEY OBSTRT,null,42.369408,-71.08377
driveway_obstruct,DRVWAY/ALLEY OBSTRT,null,42.370459,-71.085836
driveway_obstruct,DRVWAY/ALLEY OBSTRT,null,42.369408,-71.08377
driveway_obstruct,DRVWAY/ALLEY OBSTRT,null,42.381742,-71.131895
driveway_obstruct,DRVWAY/ALLEY OBSTRT,null,42.372666,-71.097398
driveway_obstruct,DRVWAY/ALLEY OBSTRT,null,42.382795,-71.119679
driveway_obstruct,DRVWAY/ALLEY OBSTRT,null,42.37663,-71.114089
driveway_obstruct,DRVWAY/ALLEY OBSTRT,null,42.373176,-71.088005
driveway_obstruct,DRVWAY/ALLEY OBSTRT,null,42.35969,-71.108087
driveway_obstruct,DRVWAY/ALLEY OBSTRT,null,42.362669,-71.103512
driveway_obstruct,DRVWAY/ALLEY OBSTRT,null,42.37243,-71.098209
driveway_obstruct,DRVWAY/ALLEY OBSTRT,null,42.36888,-71.094316
driveway_obstruct,DRVWAY/ALLEY OBSTRT,null,42.379939,-71.128103
driveway_obstruct,DRVWAY/ALLEY OBSTRT,null,42.381616,-71.132043
driveway_obstruct,DRVWAY/ALLEY OBSTRT,null,42.370445,-71.108329
driveway_obstruct,DRVWAY/ALLEY OBSTRT,null,42.366832,-71.099631
driveway_obstruct,DRVWAY/ALLEY OBSTRT,null,42.368096,-71.082218
driveway_obstruct,DRVWAY/ALLEY OBSTRT,null,42.365476,-71.114926
driveway_obstruct,DRVWAY/ALLEY OBSTRT,null,42.374262,-71.097519
driveway_obstruct,DRVWAY/ALLEY OBSTRT,null,42.373043,-71.105717
driveway_obstruct,DRVWAY/ALLEY OBSTRT,null,42.369408,-71.08377
driveway_obstruct,DRVWAY/ALLEY OBSTRT,null,42.378856,-71.124669
driveway_obstruct,DRVWAY/ALLEY OBSTRT,null,42.36639,-71.098193
driveway_obstruct,DRVWAY/ALLEY OBSTRT,null,42.380332,-71.137531
driveway_obstruct,DRVWAY/ALLEY OBSTRT,null,42.368725,-71.113945
driveway_obstruct,DRVWAY/ALLEY OBSTRT,null,42.385232,-71.121829
driveway_obstruct,DRVWAY/ALLEY OBSTRT,null,42.367458,-71.114722
driveway_obstruct,DRVWAY/ALLEY OBSTRT,null,42.369558,-71.101612
driveway_obstruct,DRVWAY/ALLEY OBSTRT,null,42.395018,-71.130392
driveway_obstruct,DRVWAY/ALLEY OBSTRT,null,42.368726,-71.113509
driveway_obstruct,DRVWAY/ALLEY OBSTRT,null,42.368287,-71.113516
driveway_obstruct,DRVWAY/ALLEY OBSTRT,null,42.394188,-71.125956
driveway_obstruct,DRVWAY/ALLEY OBSTRT,null,42.372676,-71.104558
driveway_obstruct,DRVWAY/ALLEY OBSTRT,null,42.381616,-71.132043
driveway_obstruct,DRVWAY/ALLEY OBSTRT,null,42.366371,-71.100506
driveway_obstruct,DRVWAY/ALLEY OBSTRT,null,42.366856,-71.092474
driveway_obstruct,DRVWAY/ALLEY OBSTRT,null,42.387157,-71.122625
driveway_obstruct,DRVWAY/ALLEY OBSTRT,null,42.369408,-71.08377
driveway_obstruct,DRVWAY/ALLEY OBSTRT,null,42.365716,-71.09189
driveway_obstruct,DRVWAY/ALLEY OBSTRT,null,42.3663,-71.101977
driveway_obstruct,DRVWAY/ALLEY OBSTRT,null,42.376208,-71.131149
driveway_obstruct,DRVWAY/ALLEY OBSTRT,null,42.390944,-71.119896
driveway_obstruct,DRVWAY/ALLEY OBSTRT,null,42.363146,-71.102891
driveway_obstruct,DRVWAY/ALLEY OBSTRT,null,42.399551,-71.13426
driveway_obstruct,DRVWAY/ALLEY OBSTRT,null,42.369556,-71.101607
driveway_obstruct,DRVWAY/ALLEY OBSTRT,null,42.369959,-71.082603
driveway_obstruct,DRVWAY/ALLEY OBSTRT,null,42.367827,-71.113188
driveway_obstruct,DRVWAY/ALLEY OBSTRT,null,42.369524,-71.095702
driveway_obstruct,DRVWAY/ALLEY OBSTRT,null,42.372294,-71.093465
driveway_obstruct,DRVWAY/ALLEY OBSTRT,null,42.376027,-71.128
driveway_obstruct,DRVWAY/ALLEY OBSTRT,null,42.365257,-71.098123
driveway_obstruct,DRVWAY/ALLEY OBSTRT,null,42.374963,-71.134832
driveway_obstruct,DRVWAY/ALLEY OBSTRT,null,42.367353,-71.09471
driveway_obstruct,DRVWAY/ALLEY OBSTRT,null,42.362694,-71.11359
driveway_obstruct,DRVWAY/ALLEY OBSTRT,null,42.369767,-71.10214
driveway_obstruct,DRVWAY/ALLEY OBSTRT,null,42.370234,-71.084796
driveway_obstruct,DRVWAY/ALLEY OBSTRT,null,42.380075,-71.137587
driveway_obstruct,DRVWAY/ALLEY OBSTRT,null,42.393981,-71.126468
driveway_obstruct,DRVWAY/ALLEY OBSTRT,null,42.392366,-71.126475
driveway_obstruct,DRVWAY/ALLEY OBSTRT,null,42.371003,-71.114109
driveway_obstruct,DRVWAY/ALLEY OBSTRT,null,42.396314,-71.133217
driveway_obstruct,DRVWAY/ALLEY OBSTRT,null,42.369355,-71.10828
driveway_obstruct,DRVWAY/ALLEY OBSTRT,null,42.373322,-71.095194
driveway_obstruct,DRVWAY/ALLEY OBSTRT,null,42.368357,-71.106078
driveway_obstruct,DRVWAY/ALLEY OBSTRT,null,42.399317,-71.137066
driveway_obstruct,DRVWAY/ALLEY OBSTRT,null,42.389016,-71.118165
driveway_obstruct,DRVWAY/ALLEY OBSTRT,null,42.366856,-71.092474
driveway_obstruct,DRVWAY/ALLEY OBSTRT,null,42.368685,-71.090396
driveway_obstruct,DRVWAY/ALLEY OBSTRT,null,42.361997,-71.09953
driveway_obstruct,DRVWAY/ALLEY OBSTRT,null,42.358881,-71.112704
driveway_obstruct,DRVWAY/ALLEY OBSTRT,null,42.369153,-71.095252
driveway_obstruct,DRVWAY/ALLEY OBSTRT,null,42.394188,-71.125956
driveway_obstruct,DRVWAY/ALLEY OBSTRT,null,42.368766,-71.094784
driveway_obstruct,DRVWAY/ALLEY OBSTRT,null,42.385846,-71.130753
driveway_obstruct,DRVWAY/ALLEY OBSTRT,null,42.37243,-71.098209
driveway_obstruct,DRVWAY/ALLEY OBSTRT,null,42.39988,-71.133738
driveway_obstruct,DRVWAY/ALLEY OBSTRT,null,42.357615,-71.110513
driveway_obstruct,DRVWAY/ALLEY OBSTRT,null,42.389834,-71.119278
driveway_obstruct,DRVWAY/ALLEY OBSTRT,null,42.371061,-71.105415
driveway_obstruct,DRVWAY/ALLEY OBSTRT,null,42.374847,-71.124896
driveway_obstruct,DRVWAY/ALLEY OBSTRT,null,42.378174,-71.147196
driveway_obstruct,DRVWAY/ALLEY OBSTRT,null,42.373423,-71.103929
driveway_obstruct,DRVWAY/ALLEY OBSTRT,null,42.359127,-71.113114
driveway_obstruct,DRVWAY/ALLEY OBSTRT,null,42.378174,-71.147196
driveway_obstruct,DRVWAY/ALLEY OBSTRT,null,42.373168,-71.0983
driveway_obstruct,DRVWAY/ALLEY OBSTRT,null,42.368871,-71.092164
driveway_obstruct,DRVWAY/ALLEY OBSTRT,null,42.371895,-71.095055
driveway_obstruct,DRVWAY/ALLEY OBSTRT,null,42.365669,-71.109114
driveway_obstruct,DRVWAY/ALLEY OBSTRT,null,42.370203,-71.103241
driveway_obstruct,DRVWAY/ALLEY OBSTRT,null,42.363147,-71.095835
driveway_obstruct,DRVWAY/ALLEY OBSTRT,null,42.369441,-71.107558
driveway_obstruct,DRVWAY/ALLEY OBSTRT,null,42.379969,-71.141012
driveway_obstruct,DRVWAY/ALLEY OBSTRT,null,42.357548,-71.108328
driveway_obstruct,DRVWAY/ALLEY OBSTRT,null,42.368065,-71.095048
driveway_obstruct,DRVWAY/ALLEY OBSTRT,null,42.393869,-71.130339
driveway_obstruct,DRVWAY/ALLEY OBSTRT,null,42.36986,-71.081809
driveway_obstruct,DRVWAY/ALLEY OBSTRT,null,42.369138,-71.096643
driveway_obstruct,DRVWAY/ALLEY OBSTRT,null,42.357568,-71.112772
driveway_obstruct,DRVWAY/ALLEY OBSTRT,null,42.389666,-71.119587
driveway_obstruct,DRVWAY/ALLEY OBSTRT,null,42.395601,-71.129448
driveway_obstruct,DRVWAY/ALLEY OBSTRT,null,42.374504,-71.127461
driveway_obstruct,DRVWAY/ALLEY OBSTRT,null,42.378626,-71.122033
driveway_obstruct,DRVWAY/ALLEY OBSTRT,null,42.368032,-71.084007
driveway_obstruct,DRVWAY/ALLEY OBSTRT,null,42.381859,-71.131738
driveway_obstruct,DRVWAY/ALLEY OBSTRT,null,42.365017,-71.113872
driveway_obstruct,DRVWAY/ALLEY OBSTRT,null,42.373432,-71.097001
driveway_obstruct,DRVWAY/ALLEY OBSTRT,null,42.357615,-71.110513
driveway_obstruct,DRVWAY/ALLEY OBSTRT,null,42.368292,-71.085943
driveway_obstruct,DRVWAY/ALLEY OBSTRT,null,42.369521,-71.113398
driveway_obstruct,DRVWAY/ALLEY OBSTRT,null,42.366437,-71.096339
driveway_obstruct,DRVWAY/ALLEY OBSTRT,null,42.372191,-71.083239
driveway_obstruct,DRVWAY/ALLEY OBSTRT,null,42.371003,-71.114109
driveway_obstruct,DRVWAY/ALLEY OBSTRT,null,42.390597,-71.125304
driveway_obstruct,DRVWAY/ALLEY OBSTRT,null,42.367575,-71.099657
driveway_obstruct,DRVWAY/ALLEY OBSTRT,null,42.36825,-71.098155
driveway_obstruct,DRVWAY/ALLEY OBSTRT,null,42.38411,-71.134692
driveway_obstruct,DRVWAY/ALLEY OBSTRT,null,42.367957,-71.097569
driveway_obstruct,DRVWAY/ALLEY OBSTRT,null,42.364903,-71.10886
driveway_obstruct,DRVWAY/ALLEY OBSTRT,null,42.367884,-71.099458
driveway_obstruct,DRVWAY/ALLEY OBSTRT,null,42.359006,-71.11291
driveway_obstruct,DRVWAY/ALLEY OBSTRT,null,42.365473,-71.094037
driveway_obstruct,DRVWAY/ALLEY OBSTRT,null,42.372641,-71.095566
driveway_obstruct,DRVWAY/ALLEY OBSTRT,null,42.367486,-71.107099
driveway_obstruct,DRVWAY/ALLEY OBSTRT,null,42.395716,-71.134334
driveway_obstruct,DRVWAY/ALLEY OBSTRT,null,42.368992,-71.095057
driveway_obstruct,DRVWAY/ALLEY OBSTRT,null,42.381261,-71.122198
driveway_obstruct,DRVWAY/ALLEY OBSTRT,null,42.369491,-71.094519
driveway_obstruct,DRVWAY/ALLEY OBSTRT,null,42.367731,-71.114
driveway_obstruct,DRVWAY/ALLEY OBSTRT,null,42.361847,-71.109732
driveway_obstruct,DRVWAY/ALLEY OBSTRT,null,42.367957,-71.097569
driveway_obstruct,DRVWAY/ALLEY OBSTRT,null,42.372706,-71.08812
driveway_obstruct,DRVWAY/ALLEY OBSTRT,null,42.371003,-71.114109
driveway_obstruct,DRVWAY/ALLEY OBSTRT,null,42.373322,-71.095194
driveway_obstruct,DRVWAY/ALLEY OBSTRT,null,42.388041,-71.120576
driveway_obstruct,DRVWAY/ALLEY OBSTRT,null,42.381836,-71.138163
driveway_obstruct,DRVWAY/ALLEY OBSTRT,null,42.367356,-71.084169
driveway_obstruct,DRVWAY/ALLEY OBSTRT,null,42.372899,-71.097258
driveway_obstruct,DRVWAY/ALLEY OBSTRT,null,42.363675,-71.109326
driveway_obstruct,DRVWAY/ALLEY OBSTRT,null,42.373168,-71.0983
driveway_obstruct,DRVWAY/ALLEY OBSTRT,null,42.365293,-71.096092
driveway_obstruct,DRVWAY/ALLEY OBSTRT,null,42.393974,-71.126325
driveway_obstruct,DRVWAY/ALLEY OBSTRT,null,42.393974,-71.126325
driveway_obstruct,DRVWAY/ALLEY OBSTRT,null,42.371877,-71.080932
driveway_obstruct,DRVWAY/ALLEY OBSTRT,null,42.365589,-71.108215
driveway_obstruct,DRVWAY/ALLEY OBSTRT,null,42.395158,-71.125933
driveway_obstruct,DRVWAY/ALLEY OBSTRT,null,42.371003,-71.114109
driveway_obstruct,DRVWAY/ALLEY OBSTRT,null,42.373065,-71.098374
driveway_obstruct,DRVWAY/ALLEY OBSTRT,null,42.39515,-71.125946
driveway_obstruct,DRVWAY/ALLEY OBSTRT,null,42.358583,-71.111661
driveway_obstruct,DRVWAY/ALLEY OBSTRT,null,42.370595,-71.07867
driveway_obstruct,DRVWAY/ALLEY OBSTRT,null,42.373197,-71.091668
driveway_obstruct,DRVWAY/ALLEY OBSTRT,null,42.372722,-71.088116
driveway_obstruct,DRVWAY/ALLEY OBSTRT,null,42.358686,-71.112383
driveway_obstruct,DRVWAY/ALLEY OBSTRT,null,42.382196,-71.119629
driveway_obstruct,DRVWAY/ALLEY OBSTRT,null,42.394383,-71.132106
driveway_obstruct,DRVWAY/ALLEY OBSTRT,null,42.385158,-71.115593
driveway_obstruct,DRVWAY/ALLEY OBSTRT,null,42.362556,-71.108037
driveway_obstruct,DRVWAY/ALLEY OBSTRT,null,42.369654,-71.11211
driveway_obstruct,DRVWAY/ALLEY OBSTRT,null,42.369654,-71.11211
driveway_obstruct,DRVWAY/ALLEY OBSTRT,null,42.369654,-71.11211
driveway_obstruct,DRVWAY/ALLEY OBSTRT,null,42.369654,-71.11211
driveway_obstruct,DRVWAY/ALLEY OBSTRT,null,42.369654,-71.11211
driveway_obstruct,DRVWAY/ALLEY OBSTRT,null,42.369654,-71.11211
driveway_obstruct,DRVWAY/ALLEY OBSTRT,null,42.369654,-71.11211
driveway_obstruct,DRVWAY/ALLEY OBSTRT,null,42.369654,-71.11211
driveway_obstruct,DRVWAY/ALLEY OBSTRT,null,42.369654,-71.11211
driveway_obstruct,DRVWAY/ALLEY OBSTRT,null,42.369654,-71.11211
driveway_obstruct,DRVWAY/ALLEY OBSTRT,null,42.369654,-71.11211
driveway_obstruct,DRVWAY/ALLEY OBSTRT,null,42.369654,-71.11211
driveway_obstruct,DRVWAY/ALLEY OBSTRT,null,42.369654,-71.11211
driveway_obstruct,DRVWAY/ALLEY OBSTRT,null,42.369654,-71.11211
driveway_obstruct,DRVWAY/ALLEY OBSTRT,null,42.371718,-71.109006
driveway_obstruct,DRVWAY/ALLEY OBSTRT,null,42.387851,-71.12781
driveway_obstruct,DRVWAY/ALLEY OBSTRT,null,42.394677,-71.144364
driveway_obstruct,DRVWAY/ALLEY OBSTRT,null,42.363172,-71.102932
driveway_obstruct,DRVWAY/ALLEY OBSTRT,null,42.371828,-71.113433
driveway_obstruct,DRVWAY/ALLEY OBSTRT,null,42.386179,-71.117451
driveway_obstruct,DRVWAY/ALLEY OBSTRT,null,42.369534,-71.084732
driveway_obstruct,DRVWAY/ALLEY OBSTRT,null,42.355405,-71.108705
driveway_obstruct,DRVWAY/ALLEY OBSTRT,null,42.380584,-71.129836
driveway_obstruct,DRVWAY/ALLEY OBSTRT,null,42.365441,-71.096935
driveway_obstruct,DRVWAY/ALLEY OBSTRT,null,42.364629,-71.112044
driveway_obstruct,DRVWAY/ALLEY OBSTRT,null,42.373549,-71.103808
driveway_obstruct,DRVWAY/ALLEY OBSTRT,null,42.368287,-71.113516
driveway_obstruct,DRVWAY/ALLEY OBSTRT,null,42.372195,-71.081274
driveway_obstruct,DRVWAY/ALLEY OBSTRT,null,42.36625,-71.096628
driveway_obstruct,DRVWAY/ALLEY OBSTRT,null,42.365837,-71.108246
driveway_obstruct,DRVWAY/ALLEY OBSTRT,null,42.359321,-71.11085
driveway_obstruct,DRVWAY/ALLEY OBSTRT,null,42.400101,-71.134244
driveway_obstruct,DRVWAY/ALLEY OBSTRT,null,42.366163,-71.105003
driveway_obstruct,DRVWAY/ALLEY OBSTRT,null,42.368253,-71.106178
driveway_obstruct,DRVWAY/ALLEY OBSTRT,null,42.372722,-71.088116
driveway_obstruct,DRVWAY/ALLEY OBSTRT,null,42.365488,-71.096916
driveway_obstruct,DRVWAY/ALLEY OBSTRT,null,42.367516,-71.108955
driveway_obstruct,DRVWAY/ALLEY OBSTRT,null,42.392439,-71.119916
driveway_obstruct,DRVWAY/ALLEY OBSTRT,null,42.369408,-71.08377
driveway_obstruct,DRVWAY/ALLEY OBSTRT,null,42.394759,-71.136263
driveway_obstruct,DRVWAY/ALLEY OBSTRT,null,42.370507,-71.097838
driveway_obstruct,DRVWAY/ALLEY OBSTRT,null,42.367831,-71.082281
driveway_obstruct,DRVWAY/ALLEY OBSTRT,null,42.371552,-71.109124
driveway_obstruct,DRVWAY/ALLEY OBSTRT,null,42.396022,-71.130424
driveway_obstruct,DRVWAY/ALLEY OBSTRT,null,42.380114,-71.142178
driveway_obstruct,DRVWAY/ALLEY OBSTRT,null,42.368425,-71.107153
driveway_obstruct,DRVWAY/ALLEY OBSTRT,null,42.372742,-71.097353
driveway_obstruct,DRVWAY/ALLEY OBSTRT,null,42.368188,-71.092405
driveway_obstruct,DRVWAY/ALLEY OBSTRT,null,42.371083,-71.11351
driveway_obstruct,DRVWAY/ALLEY OBSTRT,null,42.371718,-71.109006
driveway_obstruct,DRVWAY/ALLEY OBSTRT,null,42.370346,-71.101556
driveway_obstruct,DRVWAY/ALLEY OBSTRT,null,42.367731,-71.114
driveway_obstruct,DRVWAY/ALLEY OBSTRT,null,42.368446,-71.094904
driveway_obstruct,DRVWAY/ALLEY OBSTRT,null,42.361087,-71.106539
driveway_obstruct,DRVWAY/ALLEY OBSTRT,null,42.373549,-71.103808
driveway_obstruct,DRVWAY/ALLEY OBSTRT,null,42.367667,-71.110802
driveway_obstruct,DRVWAY/ALLEY OBSTRT,null,42.375226,-71.105711
driveway_obstruct,DRVWAY/ALLEY OBSTRT,null,42.369153,-71.095252
driveway_obstruct,DRVWAY/ALLEY OBSTRT,null,42.358273,-71.113257
driveway_obstruct,DRVWAY/ALLEY OBSTRT,null,42.395358,-71.135255
driveway_obstruct,DRVWAY/ALLEY OBSTRT,null,42.380496,-71.127671
driveway_obstruct,DRVWAY/ALLEY OBSTRT,null,42.380496,-71.127671
driveway_obstruct,DRVWAY/ALLEY OBSTRT,null,42.382556,-71.12055
driveway_obstruct,DRVWAY/ALLEY OBSTRT,null,42.389948,-71.125975
driveway_obstruct,DRVWAY/ALLEY OBSTRT,null,42.389834,-71.119278
driveway_obstruct,DRVWAY/ALLEY OBSTRT,null,42.392867,-71.128595
driveway_obstruct,DRVWAY/ALLEY OBSTRT,null,42.373797,-71.099085
driveway_obstruct,DRVWAY/ALLEY OBSTRT,null,42.374071,-71.120102
driveway_obstruct,DRVWAY/ALLEY OBSTRT,null,42.392867,-71.128595
driveway_obstruct,DRVWAY/ALLEY OBSTRT,null,42.368144,-71.11225
driveway_obstruct,DRVWAY/ALLEY OBSTRT,null,42.393849,-71.132085
driveway_obstruct,DRVWAY/ALLEY OBSTRT,null,42.37005,-71.083327
driveway_obstruct,DRVWAY/ALLEY OBSTRT,null,42.38255159500005,-71.11497014299994
driveway_obstruct,DRVWAY/ALLEY OBSTRT,null,42.371317015000045,-71.11334888599998
driveway_obstruct,DRVWAY/ALLEY OBSTRT,null,42.36679362800004,-71.10600609899996
driveway_obstruct,DRVWAY/ALLEY OBSTRT,null,42.36824816500007,-71.07922555499994
driveway_obstruct,DRVWAY/ALLEY OBSTRT,null,42.36405224300006,-71.09837410899996
driveway_obstruct,DRVWAY/ALLEY OBSTRT,null,42.368943021000064,-71.09494641599997
