not_metered,NOT METERED SPC,null,42.37250792600048,-71.12024392699965
not_metered,NOT METERED SPC,null,42.366791640000486,-71.10600946299962
not_metered,NOT METERED SPC,null,42.37163211000046,-71.11768750199963
not_metered,NOT METERED SPC,null,42.366791640000486,-71.10600946299962
not_metered,NOT METERED SPC,null,42.36488117500045,-71.10154341899965
not_metered,NOT METERED SPC,null,42.366791640000486,-71.10600946299962
not_metered,NOT METERED SPC,null,42.36490676700049,-71.09909984199965
not_metered,NOT METERED SPC,null,42.366791640000486,-71.10600946299962
not_metered,NOT METERED SPC,null,42.36147974400046,-71.09873880099963
not_metered,NOT METERED SPC,null,42.37575262000047,-71.14155847699965
not_metered,NOT METERED SPC,null,42.36453738200049,-71.10195423599964
not_metered,NOT METERED SPC,null,42.366791640000486,-71.10600946299962
not_metered,NOT METERED SPC,null,42.36535705200049,-71.10151208899964
not_metered,NOT METERED SPC,null,42.366791640000486,-71.10600946299962
not_metered,NOT METERED SPC,null,42.365450603000454,-71.10537657799966
not_metered,NOT METERED SPC,null,42.3713457180005,-71.11683115499966
not_metered,NOT METERED SPC,null,42.366791640000486,-71.10600946299962
not_metered,NOT METERED SPC,null,42.36729199100046,-71.10610225899967
not_metered,NOT METERED SPC,null,42.366791640000486,-71.10600946299962
not_metered,NOT METERED SPC,null,42.36352402900047,-71.09847530499962
not_metered,NOT METERED SPC,null,42.39046322600046,-71.12135386099965
not_metered,NOT METERED SPC,null,42.39343467100048,-71.12577885799965
not_metered,NOT METERED SPC,null,42.3659567410005,-71.10595877599962
not_metered,NOT METERED SPC,null,42.365073622000466,-71.10313571899962
not_metered,NOT METERED SPC,null,42.3614654320005,-71.08829511699963
not_metered,NOT METERED SPC,null,42.366791640000486,-71.10600946299962
not_metered,NOT METERED SPC,null,42.366791640000486,-71.10600946299962
not_metered,NOT METERED SPC,null,42.366791640000486,-71.10600946299962
not_metered,NOT METERED SPC,null,42.361546295000494,-71.09873432599966
not_metered,NOT METERED SPC,null,42.366791640000486,-71.10600946299962
not_metered,NOT METERED SPC,null,42.366791640000486,-71.10600946299962
not_metered,NOT METERED SPC,null,42.366791640000486,-71.10600946299962
not_metered,NOT METERED SPC,null,42.37163211000046,-71.11768750199963
not_metered,NOT METERED SPC,null,42.39343467100048,-71.12577885799965
not_metered,NOT METERED SPC,null,42.373902631000476,-71.12449037199963
not_metered,NOT METERED SPC,null,42.366791640000486,-71.10600946299962
not_metered,NOT METERED SPC,null,42.37013236500047,-71.11352986799966
not_metered,NOT METERED SPC,null,42.36736112700049,-71.10603312199964
not_metered,NOT METERED SPC,null,42.366791640000486,-71.10600946299962
not_metered,NOT METERED SPC,null,42.3614654320005,-71.08829511699963
not_metered,NOT METERED SPC,null,42.366791640000486,-71.10600946299962
not_metered,NOT METERED SPC,null,42.366791640000486,-71.10600946299962
not_metered,NOT METERED SPC,null,42.366791640000486,-71.10600946299962
not_metered,NOT METERED SPC,null,42.3614654320005,-71.08829511699963
not_metered,NOT METERED SPC,null,42.36134391200045,-71.09691511599965
not_metered,NOT METERED SPC,null,42.370962834000466,-71.11425101199967
not_metered,NOT METERED SPC,null,42.36353143500048,-71.09847783199967
not_metered,NOT METERED SPC,null,42.361546295000494,-71.09873432599966
not_metered,NOT METERED SPC,null,42.366791640000486,-71.10600946299962
not_metered,NOT METERED SPC,null,42.37355694700045,-71.09927614199967
not_metered,NOT METERED SPC,null,42.366791640000486,-71.10600946299962
not_metered,NOT METERED SPC,null,42.367079513000476,-71.10441375099964
not_metered,NOT METERED SPC,null,42.3629623650005,-71.10242047799966
not_metered,NOT METERED SPC,null,42.366791640000486,-71.10600946299962
not_metered,NOT METERED SPC,null,42.365073622000466,-71.10313571899962
not_metered,NOT METERED SPC,null,42.36356400700049,-71.09841600399966
not_metered,NOT METERED SPC,null,42.37318821700046,-71.12299701499967
not_metered,NOT METERED SPC,null,42.369287743000484,-71.08026579599965
not_metered,NOT METERED SPC,null,42.38378229500046,-71.11951712399963
not_metered,NOT METERED SPC,null,42.377417091000495,-71.11614324299967
not_metered,NOT METERED SPC,null,42.366791640000486,-71.10600946299962
not_metered,NOT METERED SPC,null,42.36356400700049,-71.09841600399966
not_metered,NOT METERED SPC,null,42.361546295000494,-71.09873432599966
not_metered,NOT METERED SPC,null,42.366791640000486,-71.10600946299962
not_metered,NOT METERED SPC,0,42.37490578800049,-71.11861349599963
not_metered,NOT METERED SPC,null,42.366791640000486,-71.10600946299962
not_metered,NOT METERED SPC,null,42.366791640000486,-71.10600946299962
not_metered,NOT METERED SPC,null,42.361546295000494,-71.09873432599966
not_metered,NOT METERED SPC,null,42.366791640000486,-71.10600946299962
not_metered,NOT METERED SPC,null,42.36862172400049,-71.07800386699967
not_metered,NOT METERED SPC,null,42.366791640000486,-71.10600946299962
not_metered,NOT METERED SPC,null,42.371714073000476,-71.12089686199965
not_metered,NOT METERED SPC,null,42.366791640000486,-71.10600946299962
not_metered,NOT METERED SPC,null,42.37068546000046,-71.09717898899964
not_metered,NOT METERED SPC,null,42.37400633600049,-71.10261660599963
not_metered,NOT METERED SPC,null,42.3676273050005,-71.08058728299966
not_metered,NOT METERED SPC,null,42.366791640000486,-71.10600946299962
not_metered,NOT METERED SPC,null,42.364391646000456,-71.10204632799963
not_metered,NOT METERED SPC,null,42.366791640000486,-71.10600946299962
not_metered,NOT METERED SPC,null,42.372752654000465,-71.11674818999967
not_metered,NOT METERED SPC,null,42.37269050200047,-71.11643868799968
not_metered,NOT METERED SPC,null,42.372882862000495,-71.11721832199964
not_metered,NOT METERED SPC,null,42.366791640000486,-71.10600946299962
not_metered,NOT METERED SPC,null,42.366791640000486,-71.10600946299962
not_metered,NOT METERED SPC,null,42.366791640000486,-71.10600946299962
not_metered,NOT METERED SPC,null,42.37613229700048,-71.12532692899964
not_metered,NOT METERED SPC,null,42.36488117500045,-71.10154341899965
not_metered,NOT METERED SPC,null,42.366791640000486,-71.10600946299962
not_metered,NOT METERED SPC,null,42.366791640000486,-71.10600946299962
not_metered,NOT METERED SPC,null,42.3614654320005,-71.08829511699963
not_metered,NOT METERED SPC,null,42.366791640000486,-71.10600946299962
not_metered,NOT METERED SPC,null,42.37011803000047,-71.11346451599962
not_metered,NOT METERED SPC,null,42.366791640000486,-71.10600946299962
not_metered,NOT METERED SPC,null,42.366791640000486,-71.10600946299962
not_metered,NOT METERED SPC,null,42.372222604000456,-71.11845126399965
not_metered,NOT METERED SPC,null,42.366791640000486,-71.10600946299962
not_metered,NOT METERED SPC,null,42.367085732000476,-71.09808237699963
not_metered,NOT METERED SPC,null,42.36558229800045,-71.10547816599967
not_metered,NOT METERED SPC,null,42.36147974400046,-71.09873880099963
not_metered,NOT METERED SPC,null,42.3710726270005,-71.11457153099963
not_metered,NOT METERED SPC,null,42.36635518500049,-71.10527607299963
not_metered,NOT METERED SPC,null,42.36364324300047,-71.10371584199964
not_metered,NOT METERED SPC,null,42.363444521000474,-71.10034545899964
not_metered,NOT METERED SPC,null,42.366791640000486,-71.10600946299962
not_metered,NOT METERED SPC,null,42.3753948370005,-71.12312722299964
not_metered,NOT METERED SPC,null,42.366791640000486,-71.10600946299962
not_metered,NOT METERED SPC,null,42.366791640000486,-71.10600946299962
not_metered,NOT METERED SPC,null,42.366791640000486,-71.10600946299962
not_metered,NOT METERED SPC,null,42.37163211000046,-71.11768750199963
not_metered,NOT METERED SPC,null,42.37011803000047,-71.11346451599962
not_metered,NOT METERED SPC,null,42.3748604270005,-71.12234619799966
not_metered,NOT METERED SPC,null,42.37273546500046,-71.12341938799966
not_metered,NOT METERED SPC,null,42.37460437100049,-71.12640200799967
not_metered,NOT METERED SPC,null,42.366791640000486,-71.10600946299962
not_metered,NOT METERED SPC,null,42.39683649600045,-71.12965028999963
not_metered,NOT METERED SPC,null,42.37172712300048,-71.08506735399965
not_metered,NOT METERED SPC,null,42.366791640000486,-71.10600946299962
not_metered,NOT METERED SPC,null,42.366791640000486,-71.10600946299962
not_metered,NOT METERED SPC,null,42.366791640000486,-71.10600946299962
not_metered,NOT METERED SPC,null,42.3702625730005,-71.11388937999965
not_metered,NOT METERED SPC,null,42.366791640000486,-71.10600946299962
not_metered,NOT METERED SPC,null,42.365061666000486,-71.09317927099966
not_metered,NOT METERED SPC,null,42.363823622000496,-71.10111518399964
not_metered,NOT METERED SPC,null,42.366791640000486,-71.10600946299962
not_metered,NOT METERED SPC,null,42.361546295000494,-71.09873432599966
not_metered,NOT METERED SPC,null,42.38609583600049,-71.11927270799964
not_metered,NOT METERED SPC,null,42.365073622000466,-71.10313571899962
not_metered,NOT METERED SPC,null,42.366791640000486,-71.10600946299962
not_metered,NOT METERED SPC,null,42.37490578800049,-71.11861349599963
not_metered,NOT METERED SPC,null,42.3646117830005,-71.09637354399968
not_metered,NOT METERED SPC,null,42.366791640000486,-71.10600946299962
not_metered,NOT METERED SPC,null,42.365073622000466,-71.10313571899962
not_metered,NOT METERED SPC,null,42.366791640000486,-71.10600946299962
not_metered,NOT METERED SPC,null,42.36439737900048,-71.09983362999964
not_metered,NOT METERED SPC,null,42.3673542140005,-71.10685469899965
not_metered,NOT METERED SPC,null,42.366791640000486,-71.10600946299962
not_metered,NOT METERED SPC,null,42.361734535000494,-71.09746590599963
not_metered,NOT METERED SPC,null,42.36035525400047,-71.10078217399962
not_metered,NOT METERED SPC,null,42.38837759500046,-71.13240193899964
not_metered,NOT METERED SPC,null,42.366791640000486,-71.10600946299962
not_metered,NOT METERED SPC,null,42.36356400700049,-71.09841600399966
not_metered,NOT METERED SPC,null,42.366791640000486,-71.10600946299962
not_metered,NOT METERED SPC,null,42.3652167300005,-71.10543278299963
not_metered,NOT METERED SPC,null,42.37011803000047,-71.11346451599962
not_metered,NOT METERED SPC,null,42.372570935000454,-71.12014970199965
not_metered,NOT METERED SPC,null,42.366791640000486,-71.10600946299962
not_metered,NOT METERED SPC,null,42.36763131000049,-71.08063062299965
not_metered,NOT METERED SPC,null,42.36439737900048,-71.09983362999964
not_metered,NOT METERED SPC,null,42.3614654320005,-71.08829511699963
not_metered,NOT METERED SPC,null,42.361546295000494,-71.09873432599966
not_metered,NOT METERED SPC,null,42.3646117830005,-71.09637354399968
not_metered,NOT METERED SPC,null,42.366791640000486,-71.10600946299962
not_metered,NOT METERED SPC,JFK0017,42.372750349000455,-71.12004486799964
not_metered,NOT METERED SPC,null,42.3646117830005,-71.09637354399968
not_metered,NOT METERED SPC,null,42.39616817300049,-71.13532758199966
not_metered,NOT METERED SPC,null,42.375468656000464,-71.11429872199966
not_metered,NOT METERED SPC,null,42.36697626500046,-71.09265973999965
not_metered,NOT METERED SPC,null,42.3737908600005,-71.12129624699963
not_metered,NOT METERED SPC,null,42.37098620600045,-71.07934742699968
not_metered,NOT METERED SPC,null,42.36147974400046,-71.09873880099963
not_metered,NOT METERED SPC,null,42.3614654320005,-71.08829511699963
not_metered,NOT METERED SPC,null,42.36913333600046,-71.11074019299963
not_metered,NOT METERED SPC,null,42.37397031500046,-71.12149594199963
not_metered,NOT METERED SPC,null,42.371714073000476,-71.12089686199965
not_metered,NOT METERED SPC,null,42.366791640000486,-71.10600946299962
not_metered,NOT METERED SPC,null,42.36356400700049,-71.09841600399966
not_metered,NOT METERED SPC,JFK0043,42.37192544700048,-71.12067946499963
not_metered,NOT METERED SPC,null,42.366791640000486,-71.10600946299962
not_metered,NOT METERED SPC,null,42.366791640000486,-71.10600946299962
not_metered,NOT METERED SPC,null,42.3710726270005,-71.11457153099963
not_metered,NOT METERED SPC,null,42.39159476600048,-71.12356739399962
not_metered,NOT METERED SPC,null,42.366791640000486,-71.10600946299962
not_metered,NOT METERED SPC,null,42.366791640000486,-71.10600946299962
not_metered,NOT METERED SPC,null,42.36453738200049,-71.10195423599964
not_metered,NOT METERED SPC,null,42.362567002000446,-71.09720178499964
not_metered,NOT METERED SPC,null,42.36836304800045,-71.08780475599963
not_metered,NOT METERED SPC,null,42.366791640000486,-71.10600946299962
not_metered,NOT METERED SPC,null,42.366791640000486,-71.10600946299962
not_metered,NOT METERED SPC,null,42.366791640000486,-71.10600946299962
not_metered,NOT METERED SPC,null,42.372512980000465,-71.11594850699964
not_metered,NOT METERED SPC,null,42.395496392000496,-71.12813042999966
not_metered,NOT METERED SPC,null,42.370962834000466,-71.11425101199967
not_metered,NOT METERED SPC,null,42.366791640000486,-71.10600946299962
not_metered,NOT METERED SPC,null,42.370962834000466,-71.11425101199967
not_metered,NOT METERED SPC,null,42.37137222000047,-71.08284345099963
not_metered,NOT METERED SPC,null,42.39849578200045,-71.13158958099967
not_metered,NOT METERED SPC,null,42.36488117500045,-71.10154341899965
not_metered,NOT METERED SPC,null,42.39473703900046,-71.12729156999967
not_metered,NOT METERED SPC,null,42.37609980400049,-71.14109331099962
not_metered,NOT METERED SPC,null,42.390223551000474,-71.12085377099964
not_metered,NOT METERED SPC,null,42.370962834000466,-71.11425101199967
not_metered,NOT METERED SPC,null,42.366791640000486,-71.10600946299962
not_metered,NOT METERED SPC,null,42.38955177100047,-71.12008865599967
not_metered,NOT METERED SPC,null,42.366791640000486,-71.10600946299962
not_metered,NOT METERED SPC,null,42.39159476600048,-71.12356739399962
not_metered,NOT METERED SPC,null,42.39159476600048,-71.12356739399962
not_metered,NOT METERED SPC,null,42.39159476600048,-71.12356739399962
not_metered,NOT METERED SPC,null,42.39159476600048,-71.12356739399962
not_metered,NOT METERED SPC,null,42.39159476600048,-71.12356739399962
not_metered,NOT METERED SPC,null,42.39159476600048,-71.12356739399962
not_metered,NOT METERED SPC,null,42.39159476600048,-71.12356739399962
not_metered,NOT METERED SPC,null,42.39159476600048,-71.12356739399962
not_metered,NOT METERED SPC,null,42.39159476600048,-71.12356739399962
not_metered,NOT METERED SPC,null,42.39159476600048,-71.12356739399962
not_metered,NOT METERED SPC,null,42.39159476600048,-71.12356739399962
not_metered,NOT METERED SPC,null,42.39159476600048,-71.12356739399962
not_metered,NOT METERED SPC,null,42.39159476600048,-71.12356739399962
not_metered,NOT METERED SPC,null,42.39159476600048,-71.12356739399962
not_metered,NOT METERED SPC,null,42.39159476600048,-71.12356739399962
not_metered,NOT METERED SPC,null,42.39159476600048,-71.12356739399962
not_metered,NOT METERED SPC,null,42.39159476600048,-71.12356739399962
not_metered,NOT METERED SPC,null,42.39159476600048,-71.12356739399962
not_metered,NOT METERED SPC,null,42.39159476600048,-71.12356739399962
not_metered,NOT METERED SPC,null,42.39159476600048,-71.12356739399962
not_metered,NOT METERED SPC,null,42.39159476600048,-71.12356739399962
not_metered,NOT METERED SPC,null,42.39159476600048,-71.12356739399962
not_metered,NOT METERED SPC,null,42.39159476600048,-71.12356739399962
not_metered,NOT METERED SPC,null,42.39159476600048,-71.12356739399962
not_metered,NOT METERED SPC,null,42.39159476600048,-71.12356739399962
not_metered,NOT METERED SPC,null,42.39159476600048,-71.12356739399962
not_metered,NOT METERED SPC,null,42.39159476600048,-71.12356739399962
not_metered,NOT METERED SPC,null,42.39159476600048,-71.12356739399962
not_metered,NOT METERED SPC,null,42.361721070000044,-71.10105127799994
not_metered,NOT METERED SPC,null,42.36679362800004,-71.10600609899996
not_metered,NOT METERED SPC,null,42.36154629500004,-71.09873432599994
not_metered,NOT METERED SPC,null,42.36679362800004,-71.10600609899996
not_metered,NOT METERED SPC,null,42.36169715500006,-71.09760157099998
not_metered,NOT METERED SPC,null,42.36679362800004,-71.10600609899996
not_metered,NOT METERED SPC,null,42.363564007000036,-71.09841600399994
not_metered,NOT METERED SPC,null,42.36679362800004,-71.10600609899996
not_metered,NOT METERED SPC,null,42.36679362800004,-71.10600609899996
not_metered,NOT METERED SPC,null,42.37415843800005,-71.10044570799994
not_metered,NOT METERED SPC,null,42.36353143500003,-71.09847783199996
not_metered,NOT METERED SPC,null,42.36658960300008,-71.09216879199994
not_metered,NOT METERED SPC,null,42.37251297900008,-71.11594850699998
not_metered,NOT METERED SPC,null,42.36598415100008,-71.10475524199995
not_metered,NOT METERED SPC,null,42.37251297900008,-71.11594850699998
not_metered,NOT METERED SPC,null,42.36679362800004,-71.10600609899996
not_metered,NOT METERED SPC,null,42.36679362800004,-71.10600609899996
not_metered,NOT METERED SPC,null,42.36154629500004,-71.09873432599994
not_metered,NOT METERED SPC,null,42.362745086000075,-71.09916552199996
not_metered,NOT METERED SPC,null,42.39149336500003,-71.12348327799998
not_metered,NOT METERED SPC,null,42.366393291000065,-71.08199887799998
not_metered,NOT METERED SPC,null,42.37171407300008,-71.12089686099995
not_metered,NOT METERED SPC,null,42.36679362800004,-71.10600609899996
not_metered,NOT METERED SPC,null,42.36679362800004,-71.10600609899996
not_metered,NOT METERED SPC,null,42.36679362800004,-71.10600609899996
not_metered,NOT METERED SPC,null,42.369482478000066,-71.07919302199997
not_metered,NOT METERED SPC,null,42.37457491500004,-71.11239867299997
not_metered,NOT METERED SPC,null,42.36679362800004,-71.10600609899996
not_metered,NOT METERED SPC,null,42.36679362800004,-71.10600609899996
not_metered,NOT METERED SPC,null,42.36679362800004,-71.10600609899996
not_metered,NOT METERED SPC,null,42.368621724000036,-71.07800386699995
not_metered,NOT METERED SPC,null,42.37422296600005,-71.12078924299993
not_metered,NOT METERED SPC,null,42.36611435800006,-71.10496495699994
not_metered,NOT METERED SPC,null,42.36679362800004,-71.10600609899996
not_metered,NOT METERED SPC,null,42.37275956800005,-71.11994577299998
not_metered,NOT METERED SPC,null,42.36364501800006,-71.10067616399994
not_metered,NOT METERED SPC,null,42.373188216000074,-71.12299701499995
not_metered,NOT METERED SPC,null,42.36679362800004,-71.10600609899996
not_metered,NOT METERED SPC,null,42.36679362800004,-71.10600609899996
not_metered,NOT METERED SPC,null,42.36679362800004,-71.10600609899996
not_metered,NOT METERED SPC,null,42.37198984300005,-71.12066594899994
not_metered,NOT METERED SPC,null,42.37267890800007,-71.12001606199993
not_metered,NOT METERED SPC,null,42.37429210200003,-71.11253199099997
not_metered,NOT METERED SPC,null,42.38010413600006,-71.15398631399995
not_metered,NOT METERED SPC,null,42.36364501800006,-71.10067616399994
not_metered,NOT METERED SPC,null,42.371629453000025,-71.11558331399993
not_metered,NOT METERED SPC,null,42.38010413600006,-71.15398631399995
not_metered,NOT METERED SPC,null,42.36679362800004,-71.10600609899996
not_metered,NOT METERED SPC,null,42.37457491500004,-71.11239867299997
not_metered,NOT METERED SPC,null,42.36679362800004,-71.10600609899996
not_metered,NOT METERED SPC,null,42.36679362800004,-71.10600609899996
not_metered,NOT METERED SPC,null,42.36679362800004,-71.10600609899996
not_metered,NOT METERED SPC,null,42.36631716000005,-71.11230614399994
not_metered,NOT METERED SPC,null,42.373188216000074,-71.12299701499995
not_metered,NOT METERED SPC,null,42.364534580000054,-71.10233660199998
not_metered,NOT METERED SPC,null,42.37240927400006,-71.12023614799995
not_metered,NOT METERED SPC,null,42.36353143500003,-71.09847783199996
not_metered,NOT METERED SPC,null,42.39343467100008,-71.12577885699994
not_metered,NOT METERED SPC,null,42.36364501800006,-71.10067616399994
not_metered,NOT METERED SPC,null,42.36679362800004,-71.10600609899996
not_metered,NOT METERED SPC,THDK0005,42.36928062000004,-71.07723832799996
not_metered,NOT METERED SPC,null,42.37357192600007,-71.09983384599997
not_metered,NOT METERED SPC,null,42.39343467100008,-71.12577885699994
not_metered,NOT METERED SPC,null,42.36453738100005,-71.10195423499994
not_metered,NOT METERED SPC,null,42.37168596300006,-71.12083451699993
not_metered,NOT METERED SPC,null,42.36679362800004,-71.10600609899996
not_metered,NOT METERED SPC,null,42.36679362800004,-71.10600609899996
not_metered,NOT METERED SPC,null,42.37741709100004,-71.11614324299995
not_metered,NOT METERED SPC,null,42.36790385200004,-71.10789405699995
not_metered,NOT METERED SPC,null,42.36679362800004,-71.10600609899996
not_metered,NOT METERED SPC,null,42.374264993000054,-71.12067985199997
not_metered,NOT METERED SPC,null,42.36522418900006,-71.10128906899996
not_metered,NOT METERED SPC,null,42.363564007000036,-71.09841600399994
not_metered,NOT METERED SPC,null,42.36679362800004,-71.10600609899996
not_metered,NOT METERED SPC,null,42.36323480600004,-71.10797586899997
not_metered,NOT METERED SPC,null,42.39245703300003,-71.13505756199999
not_metered,NOT METERED SPC,null,42.36679362800004,-71.10600609899996
not_metered,NOT METERED SPC,3,42.38198295400008,-71.12663395399994
not_metered,NOT METERED SPC,null,42.36679362800004,-71.10600609899996
not_metered,NOT METERED SPC,null,42.36453738100005,-71.10195423499994
not_metered,NOT METERED SPC,null,42.37278261300003,-71.11688761699997
not_metered,NOT METERED SPC,null,42.373188216000074,-71.12299701499995
not_metered,NOT METERED SPC,null,42.37222951800004,-71.12038594399996
not_metered,NOT METERED SPC,null,42.363564007000036,-71.09841600399994
not_metered,NOT METERED SPC,null,42.36154629500004,-71.09873432599994
not_metered,NOT METERED SPC,null,42.361479744000064,-71.09873879999998
not_metered,NOT METERED SPC,null,42.37079614500004,-71.11541908699996
not_metered,NOT METERED SPC,null,42.37355044900005,-71.11482779899995
not_metered,NOT METERED SPC,null,42.374006337000026,-71.10261660599997
not_metered,NOT METERED SPC,null,42.36363473000006,-71.10065286599996
not_metered,NOT METERED SPC,null,42.36390009100006,-71.10117835799997
not_metered,NOT METERED SPC,null,42.37166044600008,-71.11276929199994
not_metered,NOT METERED SPC,null,42.369503010000074,-71.07936343499995
not_metered,NOT METERED SPC,null,42.36154629500004,-71.09873432599994
not_metered,NOT METERED SPC,null,42.363564007000036,-71.09841600399994
not_metered,NOT METERED SPC,null,42.373476287000074,-71.09865736599994
not_metered,NOT METERED SPC,null,42.36353143500003,-71.09847783199996
not_metered,NOT METERED SPC,null,42.36679362800004,-71.10600609899996
not_metered,NOT METERED SPC,null,42.36679362800004,-71.10600609899996
not_metered,NOT METERED SPC,null,42.36679362800004,-71.10600609899996
not_metered,NOT METERED SPC,null,42.36679362800004,-71.10600609899996
not_metered,NOT METERED SPC,null,42.36679362800004,-71.10600609899996
not_metered,NOT METERED SPC,null,42.36679362800004,-71.10600609899996
not_metered,NOT METERED SPC,null,42.36679362800004,-71.10600609899996
not_metered,NOT METERED SPC,null,42.36679362800004,-71.10600609899996
not_metered,NOT METERED SPC,null,42.36679362800004,-71.10600609899996
not_metered,NOT METERED SPC,null,42.36679362800004,-71.10600609899996
not_metered,NOT METERED SPC,null,42.36679362800004,-71.10600609899996
not_metered,NOT METERED SPC,null,42.36679362800004,-71.10600609899996
not_metered,NOT METERED SPC,null,42.36679362800004,-71.10600609899996
not_metered,NOT METERED SPC,null,42.36679362800004,-71.10600609899996
not_metered,NOT METERED SPC,null,42.36679362800004,-71.10600609899996
not_metered,NOT METERED SPC,null,42.36679362800004,-71.10600609899996
not_metered,NOT METERED SPC,null,42.36679362800004,-71.10600609899996
not_metered,NOT METERED SPC,null,42.36679362800004,-71.10600609899996
not_metered,NOT METERED SPC,null,42.36679362800004,-71.10600609899996
not_metered,NOT METERED SPC,null,42.36679362800004,-71.10600609899996
not_metered,NOT METERED SPC,null,42.36679362800004,-71.10600609899996
not_metered,NOT METERED SPC,null,42.371840047000035,-71.12078578599994
not_metered,NOT METERED SPC,null,42.36679362800004,-71.10600609899996
not_metered,NOT METERED SPC,null,42.363426778000076,-71.10030307699998
not_metered,NOT METERED SPC,null,42.36453738100005,-71.10195423499994
not_metered,NOT METERED SPC,null,42.37218688400003,-71.08868782399998
not_metered,NOT METERED SPC,null,42.39245703300003,-71.13505756199999
not_metered,NOT METERED SPC,null,42.38317273800004,-71.11959778399995
not_metered,NOT METERED SPC,null,42.364397379000025,-71.09983362999998
not_metered,NOT METERED SPC,null,42.36679362800004,-71.10600609899996
not_metered,NOT METERED SPC,null,42.36679362800004,-71.10600609899996
not_metered,NOT METERED SPC,null,42.371840047000035,-71.12078578599994
not_metered,NOT METERED SPC,null,42.36679362800004,-71.10600609899996
not_metered,NOT METERED SPC,null,42.36906686800006,-71.09868260399998
not_metered,NOT METERED SPC,null,42.382825902000036,-71.11955399699997
not_metered,NOT METERED SPC,null,42.39245703300003,-71.13505756199999
not_metered,NOT METERED SPC,null,42.36962305700007,-71.10909934399996
not_metered,NOT METERED SPC,null,42.36679362800004,-71.10600609899996
not_metered,NOT METERED SPC,null,42.36645722500003,-71.10185729499995
not_metered,NOT METERED SPC,null,42.36679362800004,-71.10600609899996
not_metered,NOT METERED SPC,null,42.373188216000074,-71.12299701499995
not_metered,NOT METERED SPC,null,42.36679362800004,-71.10600609899996
not_metered,NOT METERED SPC,null,42.357884762000026,-71.09947318199994
not_metered,NOT METERED SPC,null,42.371965645000046,-71.11530899099995
not_metered,NOT METERED SPC,null,42.38609583700003,-71.11927270799998
not_metered,NOT METERED SPC,null,42.36679362800004,-71.10600609899996
not_metered,NOT METERED SPC,null,42.36679362800004,-71.10600609899996
not_metered,NOT METERED SPC,null,42.36951695400006,-71.11175444899999
not_metered,NOT METERED SPC,null,42.361465433000035,-71.08829511699997
not_metered,NOT METERED SPC,null,42.36679362800004,-71.10600609899996
not_metered,NOT METERED SPC,null,42.370923563000076,-71.11401634299995
not_metered,NOT METERED SPC,null,42.364397379000025,-71.09983362999998
not_metered,NOT METERED SPC,null,42.36679362800004,-71.10600609899996
not_metered,NOT METERED SPC,null,42.36679362800004,-71.10600609899996
not_metered,NOT METERED SPC,null,42.363484422000056,-71.09842135699995
not_metered,NOT METERED SPC,null,42.37100836500008,-71.11407089699998
not_metered,NOT METERED SPC,null,42.37160728600003,-71.08417664099994
not_metered,NOT METERED SPC,null,42.36679362800004,-71.10600609899996
not_metered,NOT METERED SPC,null,42.37096283500006,-71.11425101199995
not_metered,NOT METERED SPC,null,42.37236664000005,-71.09008784599996
not_metered,NOT METERED SPC,null,42.36679362800004,-71.10600609899996
not_metered,NOT METERED SPC,null,42.36679362800004,-71.10600609899996
not_metered,NOT METERED SPC,null,42.372167742000045,-71.11904855599994
not_metered,NOT METERED SPC,null,42.36679362800004,-71.10600609899996
not_metered,NOT METERED SPC,null,42.37379121300006,-71.11232021999996
not_metered,NOT METERED SPC,null,42.364397379000025,-71.09983362999998
not_metered,NOT METERED SPC,null,42.38144316300003,-71.11635756699997
not_metered,NOT METERED SPC,null,42.38144316300003,-71.11635756699997
not_metered,NOT METERED SPC,null,42.38144316300003,-71.11635756699997
not_metered,NOT METERED SPC,null,42.38144316300003,-71.11635756699997
not_metered,NOT METERED SPC,null,42.38144316300003,-71.11635756699997
not_metered,NOT METERED SPC,null,42.38144316300003,-71.11635756699997
not_metered,NOT METERED SPC,null,42.38144316300003,-71.11635756699997
not_metered,NOT METERED SPC,null,42.38144316300003,-71.11635756699997
not_metered,NOT METERED SPC,null,42.38144316300003,-71.11635756699997
not_metered,NOT METERED SPC,null,42.38144316300003,-71.11635756699997
not_metered,NOT METERED SPC,null,42.38144316300003,-71.11635756699997
not_metered,NOT METERED SPC,null,42.38144316300003,-71.11635756699997
not_metered,NOT METERED SPC,null,42.38144316300003,-71.11635756699997
not_metered,NOT METERED SPC,null,42.38144316300003,-71.11635756699997
not_metered,NOT METERED SPC,null,42.39674,-71.129567
not_metered,NOT METERED SPC,null,42.384198,-71.119527
not_metered,NOT METERED SPC,null,42.36955,-71.079476
not_metered,NOT METERED SPC,null,42.364495,-71.105147
not_metered,NOT METERED SPC,null,42.373223,-71.119597
not_metered,NOT METERED SPC,null,42.363352,-71.08795
not_metered,NOT METERED SPC,null,42.371011,-71.095568
not_metered,NOT METERED SPC,null,42.368656,-71.077927
not_metered,NOT METERED SPC,null,42.374431,-71.121897
not_metered,NOT METERED SPC,null,42.372353,-71.122052
not_metered,NOT METERED SPC,null,42.365076,-71.103177
not_metered,NOT METERED SPC,null,42.364624,-71.09635
not_metered,NOT METERED SPC,null,42.37352,-71.119986
not_metered,NOT METERED SPC,null,42.397907,-71.13075
not_metered,NOT METERED SPC,null,42.397907,-71.13075
not_metered,NOT METERED SPC,null,42.397907,-71.13075
not_metered,NOT METERED SPC,null,42.397907,-71.13075
not_metered,NOT METERED SPC,null,42.397907,-71.13075
not_metered,NOT METERED SPC,null,42.397907,-71.13075
not_metered,NOT METERED SPC,null,42.397907,-71.13075
not_metered,NOT METERED SPC,null,42.397907,-71.13075
not_metered,NOT METERED SPC,null,42.397907,-71.13075
not_metered,NOT METERED SPC,null,42.397907,-71.13075
not_metered,NOT METERED SPC,null,42.397907,-71.13075
not_metered,NOT METERED SPC,null,42.397907,-71.13075
not_metered,NOT METERED SPC,null,42.397907,-71.13075
not_metered,NOT METERED SPC,null,42.397907,-71.13075
not_metered,NOT METERED SPC,null,42.397907,-71.13075
not_metered,NOT METERED SPC,null,42.397907,-71.13075
not_metered,NOT METERED SPC,null,42.397907,-71.13075
not_metered,NOT METERED SPC,null,42.397907,-71.13075
not_metered,NOT METERED SPC,null,42.362833,-71.091925
not_metered,NOT METERED SPC,null,42.371032,-71.114387
not_metered,NOT METERED SPC,null,42.371965,-71.120688
not_metered,NOT METERED SPC,null,42.373963,-71.102678
not_metered,NOT METERED SPC,null,42.371205,-71.114796
not_metered,NOT METERED SPC,null,42.367432,-71.084776
not_metered,NOT METERED SPC,null,42.375831,-71.145658
not_metered,NOT METERED SPC,null,42.37103,-71.109466
not_metered,NOT METERED SPC,null,42.372506,-71.115987
not_metered,NOT METERED SPC,null,42.369827,-71.086992
not_metered,NOT METERED SPC,null,42.369827,-71.086992
not_metered,NOT METERED SPC,null,42.369827,-71.086992
not_metered,NOT METERED SPC,null,42.369827,-71.086992
not_metered,NOT METERED SPC,null,42.369827,-71.086992
not_metered,NOT METERED SPC,null,42.369827,-71.086992
not_metered,NOT METERED SPC,null,42.369827,-71.086992
not_metered,NOT METERED SPC,null,42.369827,-71.086992
not_metered,NOT METERED SPC,null,42.369827,-71.086992
not_metered,NOT METERED SPC,null,42.369827,-71.086992
not_metered,NOT METERED SPC,null,42.369827,-71.086992
not_metered,NOT METERED SPC,null,42.369827,-71.086992
not_metered,NOT METERED SPC,null,42.369827,-71.086992
not_metered,NOT METERED SPC,null,42.369827,-71.086992
not_metered,NOT METERED SPC,null,42.369827,-71.086992
not_metered,NOT METERED SPC,null,42.369827,-71.086992
not_metered,NOT METERED SPC,null,42.369827,-71.086992
not_metered,NOT METERED SPC,null,42.369827,-71.086992
not_metered,NOT METERED SPC,null,42.369827,-71.086992
not_metered,NOT METERED SPC,JFK0035,42.369827,-71.086992
not_metered,NOT METERED SPC,null,42.372805,-71.116757
not_metered,NOT METERED SPC,null,42.372584,-71.120168
not_metered,NOT METERED SPC,null,42.369422,-71.078439
not_metered,NOT METERED SPC,null,42.370601,-71.07681
not_metered,NOT METERED SPC,null,42.372643,-71.116227
not_metered,NOT METERED SPC,null,42.374924,-71.134209
not_metered,NOT METERED SPC,null,42.37201,-71.12065
not_metered,NOT METERED SPC,null,42.365235,-71.101282
not_metered,NOT METERED SPC,null,42.368,-71.078222
not_metered,NOT METERED SPC,null,42.368,-71.078222
not_metered,NOT METERED SPC,null,42.368,-71.078222
not_metered,NOT METERED SPC,null,42.368,-71.078222
not_metered,NOT METERED SPC,null,42.368,-71.078222
not_metered,NOT METERED SPC,null,42.368,-71.078222
not_metered,NOT METERED SPC,null,42.368,-71.078222
not_metered,NOT METERED SPC,null,42.368,-71.078222
not_metered,NOT METERED SPC,null,42.368,-71.078222
not_metered,NOT METERED SPC,null,42.368,-71.078222
not_metered,NOT METERED SPC,null,42.368,-71.078222
not_metered,NOT METERED SPC,null,42.368,-71.078222
not_metered,NOT METERED SPC,null,42.368,-71.078222
not_metered,NOT METERED SPC,null,42.368,-71.078222
not_metered,NOT METERED SPC,null,42.368,-71.078222
not_metered,NOT METERED SPC,null,42.368,-71.078222
not_metered,NOT METERED SPC,null,42.368,-71.078222
not_metered,NOT METERED SPC,null,42.368,-71.078222
not_metered,NOT METERED SPC,null,42.368,-71.078222
not_metered,NOT METERED SPC,null,42.368,-71.078222
not_metered,NOT METERED SPC,null,42.368,-71.078222
not_metered,NOT METERED SPC,null,42.368,-71.078222
not_metered,NOT METERED SPC,null,42.368,-71.078222
not_metered,NOT METERED SPC,null,42.368,-71.078222
not_metered,NOT METERED SPC,null,42.368,-71.078222
not_metered,NOT METERED SPC,null,42.368,-71.078222
not_metered,NOT METERED SPC,null,42.368,-71.078222
not_metered,NOT METERED SPC,null,42.368,-71.078222
not_metered,NOT METERED SPC,null,42.368,-71.078222
not_metered,NOT METERED SPC,null,42.368,-71.078222
not_metered,NOT METERED SPC,null,42.368,-71.078222
not_metered,NOT METERED SPC,null,42.368,-71.078222
not_metered,NOT METERED SPC,null,42.368,-71.078222
not_metered,NOT METERED SPC,null,42.368,-71.078222
not_metered,NOT METERED SPC,null,42.368,-71.078222
not_metered,NOT METERED SPC,null,42.368,-71.078222
not_metered,NOT METERED SPC,null,42.368,-71.078222
not_metered,NOT METERED SPC,null,42.368,-71.078222
not_metered,NOT METERED SPC,null,42.368,-71.078222
not_metered,NOT METERED SPC,null,42.368,-71.078222
not_metered,NOT METERED SPC,null,42.368,-71.078222
not_metered,NOT METERED SPC,null,42.368,-71.078222
not_metered,NOT METERED SPC,null,42.368,-71.078222
not_metered,NOT METERED SPC,null,42.368,-71.078222
not_metered,NOT METERED SPC,null,42.368,-71.078222
not_metered,NOT METERED SPC,null,42.368,-71.078222
not_metered,NOT METERED SPC,null,42.368,-71.078222
not_metered,NOT METERED SPC,null,42.368,-71.078222
not_metered,NOT METERED SPC,null,42.368,-71.078222
not_metered,NOT METERED SPC,null,42.368,-71.078222
not_metered,NOT METERED SPC,null,42.368,-71.078222
not_metered,NOT METERED SPC,null,42.368,-71.078222
not_metered,NOT METERED SPC,null,42.368,-71.078222
not_metered,NOT METERED SPC,null,42.368,-71.078222
not_metered,NOT METERED SPC,null,42.368,-71.078222
not_metered,NOT METERED SPC,null,42.368,-71.078222
not_metered,NOT METERED SPC,null,42.368,-71.078222
not_metered,NOT METERED SPC,null,42.368,-71.078222
not_metered,NOT METERED SPC,null,42.368,-71.078222
not_metered,NOT METERED SPC,null,42.368,-71.078222
not_metered,NOT METERED SPC,null,42.368,-71.078222
not_metered,NOT METERED SPC,null,42.368,-71.078222
not_metered,NOT METERED SPC,null,42.368,-71.078222
not_metered,NOT METERED SPC,null,42.368,-71.078222
not_metered,NOT METERED SPC,null,42.368,-71.078222
not_metered,NOT METERED SPC,null,42.368,-71.078222
not_metered,NOT METERED SPC,null,42.368,-71.078222
not_metered,NOT METERED SPC,null,42.368,-71.078222
not_metered,NOT METERED SPC,null,42.368,-71.078222
not_metered,NOT METERED SPC,null,42.368,-71.078222
not_metered,NOT METERED SPC,null,42.368,-71.078222
not_metered,NOT METERED SPC,null,42.368,-71.078222
not_metered,NOT METERED SPC,null,42.368,-71.078222
not_metered,NOT METERED SPC,null,42.368,-71.078222
not_metered,NOT METERED SPC,null,42.368,-71.078222
not_metered,NOT METERED SPC,null,42.368,-71.078222
not_metered,NOT METERED SPC,null,42.368,-71.078222
not_metered,NOT METERED SPC,null,42.368,-71.078222
not_metered,NOT METERED SPC,null,42.368,-71.078222
not_metered,NOT METERED SPC,null,42.367771,-71.097104
not_metered,NOT METERED SPC,null,42.369475,-71.084294
not_metered,NOT METERED SPC,null,42.366856,-71.092474
not_metered,NOT METERED SPC,null,42.364109,-71.103219
not_metered,NOT METERED SPC,BAD0088,42.365228,-71.101274
not_metered,NOT METERED SPC,null,42.360575,-71.085882
not_metered,NOT METERED SPC,null,42.369525,-71.111742
not_metered,NOT METERED SPC,null,42.373224,-71.112747
not_metered,NOT METERED SPC,null,42.370578,-71.113572
not_metered,NOT METERED SPC,null,42.367983,-71.107955
not_metered,NOT METERED SPC,null,42.37504,-71.10508
not_metered,NOT METERED SPC,null,42.370594,-71.076754
not_metered,NOT METERED SPC,null,42.37504,-71.10508
not_metered,NOT METERED SPC,null,42.36954,-71.079396
not_metered,NOT METERED SPC,null,42.36464,-71.102449
not_metered,NOT METERED SPC,null,42.360575,-71.085882
not_metered,NOT METERED SPC,null,42.375423,-71.123094
not_metered,NOT METERED SPC,null,42.365082,-71.10317
not_metered,NOT METERED SPC,null,42.366992,-71.106344
not_metered,NOT METERED SPC,null,42.369758,-71.077143
not_metered,NOT METERED SPC,null,42.374312,-71.101541
not_metered,NOT METERED SPC,null,42.36714,-71.079458
not_metered,NOT METERED SPC,null,42.370168,-71.113571
not_metered,NOT METERED SPC,null,42.369383,-71.111337
not_metered,NOT METERED SPC,null,42.360973,-71.099312
not_metered,NOT METERED SPC,null,42.389916,-71.120462
not_metered,NOT METERED SPC,null,42.366559,-71.092109
not_metered,NOT METERED SPC,null,42.37192,-71.120725
not_metered,NOT METERED SPC,null,42.372216,-71.08925
not_metered,NOT METERED SPC,null,42.363112,-71.088126
not_metered,NOT METERED SPC,null,42.372713,-71.093034
not_metered,NOT METERED SPC,null,42.371263,-71.114934
not_metered,NOT METERED SPC,null,42.371198,-71.11478
not_metered,NOT METERED SPC,null,42.371263,-71.114934
not_metered,NOT METERED SPC,null,42.363659,-71.100781
not_metered,NOT METERED SPC,null,42.373954,-71.102609
not_metered,NOT METERED SPC,null,42.372775,-71.119998
not_metered,NOT METERED SPC,null,42.371263,-71.114934
not_metered,NOT METERED SPC,null,42.371198,-71.11478
not_metered,NOT METERED SPC,null,42.372217,-71.115609
not_metered,NOT METERED SPC,null,42.373954,-71.102609
not_metered,NOT METERED SPC,null,42.373525,-71.111674
not_metered,NOT METERED SPC,null,42.367339,-71.093087
not_metered,NOT METERED SPC,null,42.365966,-71.082246
not_metered,NOT METERED SPC,null,42.371702,-71.120907
not_metered,NOT METERED SPC,null,42.354508,-71.106318
not_metered,NOT METERED SPC,null,42.373699,-71.09233
not_metered,NOT METERED SPC,null,42.375059,-71.120749
not_metered,NOT METERED SPC,null,42.369654,-71.11211
not_metered,NOT METERED SPC,null,42.369654,-71.11211
not_metered,NOT METERED SPC,null,42.369654,-71.11211
not_metered,NOT METERED SPC,null,42.369654,-71.11211
not_metered,NOT METERED SPC,null,42.369654,-71.11211
not_metered,NOT METERED SPC,null,42.369654,-71.11211
not_metered,NOT METERED SPC,null,42.369654,-71.11211
not_metered,NOT METERED SPC,null,42.369654,-71.11211
not_metered,NOT METERED SPC,null,42.369654,-71.11211
not_metered,NOT METERED SPC,null,42.369654,-71.11211
not_metered,NOT METERED SPC,null,42.369654,-71.11211
not_metered,NOT METERED SPC,null,42.369654,-71.11211
not_metered,NOT METERED SPC,null,42.369654,-71.11211
not_metered,NOT METERED SPC,null,42.369654,-71.11211
not_metered,NOT METERED SPC,null,42.369654,-71.11211
not_metered,NOT METERED SPC,null,42.369654,-71.11211
not_metered,NOT METERED SPC,null,42.369654,-71.11211
not_metered,NOT METERED SPC,null,42.369654,-71.11211
not_metered,NOT METERED SPC,null,42.369654,-71.11211
not_metered,NOT METERED SPC,null,42.369654,-71.11211
not_metered,NOT METERED SPC,null,42.369654,-71.11211
not_metered,NOT METERED SPC,null,42.368672,-71.10841
not_metered,NOT METERED SPC,null,42.365098,-71.103199
not_metered,NOT METERED SPC,null,42.381307,-71.119731
not_metered,NOT METERED SPC,null,42.373954,-71.102609
not_metered,NOT METERED SPC,null,42.361951,-71.080191
not_metered,NOT METERED SPC,null,42.365265,-71.103484
not_metered,NOT METERED SPC,null,42.371998,-71.115325
not_metered,NOT METERED SPC,null,42.368468,-71.108966
not_metered,NOT METERED SPC,null,42.364561,-71.096374
not_metered,NOT METERED SPC,null,42.368874,-71.109936
not_metered,NOT METERED SPC,null,42.37183,-71.098527
not_metered,NOT METERED SPC,null,42.385674,-71.118087
not_metered,NOT METERED SPC,null,42.366578,-71.105682
not_metered,NOT METERED SPC,null,42.366777,-71.103846
not_metered,NOT METERED SPC,null,42.36954,-71.079396
not_metered,NOT METERED SPC,null,42.371316,-71.115061
not_metered,NOT METERED SPC,null,42.371263,-71.114934
not_metered,NOT METERED SPC,null,42.371263,-71.114934
